name,age,street,city,state,zip,lng,lat
Anthony Scott,21,95009 Latoya River,Port Chris,New Mexico,98047,9.066664,2.072821
Timothy Ward Jr.,49,0740 Brian Isle,Johnsonview,Arkansas,00641,-50.114069,36.5085685
Jill Spencer,57,82037 Thornton Meadow,West Shirley,Washington,85966,-137.113351,61.626136
Peter Ali,47,2652 Joseph Springs,Port Samantha,Montana,96703,165.438152,-21.8988215
Mrs. Wendy Pennington,21,233 David Harbors Suite 971,Christopherborough,New Mexico,04032,-29.803583,34.210608
Kenneth Davies,45,3065 Brady Fork Suite 451,Powerstown,Hawaii,67847,63.140109,51.0414025
Shannon Baird,80,095 Williams Dam,North Crystal,Rhode Island,59215,158.107597,-51.4305225
Anthony Hogan,46,218 Garcia Vista,Grantside,Ohio,37656,-175.433700,-65.0523415
Elizabeth Hawkins,31,074 Micheal Curve,Port Julietown,Ohio,88567,124.825678,54.441215
Natalie Thomas,58,72214 Klein Islands,South Robert,Alabama,51537,-27.360547,15.005816
Kenneth Bauer,53,491 Villa Expressway,South Kevin,Wisconsin,66702,-47.559798,67.2157965
Andrew Black,55,0458 Devin Field Apt. 561,Lake Andrewfort,Michigan,62538,-118.987479,56.439124
Richard Silva,78,242 Justin Village Apt. 298,East Samantha,New Jersey,18974,-152.229371,-60.977952
Aaron Montgomery,20,058 Susan Ports,Alexisstad,North Dakota,44332,-119.911800,79.3346565
Terry Ware,61,213 Matthew Brooks,Villegasmouth,Wisconsin,25575,12.189221,23.808481
Leonard Roberts,40,8112 Jones Camp,East Christinamouth,Nevada,84772,103.823377,16.2621805
Robert Meyers,35,79330 Weeks Springs,Ashleyfurt,Missouri,77838,-71.259195,17.096857
Evelyn Rose,32,23550 Edward Wall Apt. 590,Cherylstad,North Dakota,89602,-166.857677,-35.5305325
Robert Hood,80,326 William Corners,Millertown,Massachusetts,86327,-5.388037,-57.5285285
David Villa,29,18926 Robbins Fall Apt. 064,Traceyberg,Wyoming,20675,-99.088985,87.168666
Susan Jones,73,88404 Barbara Harbors,West Kevin,Colorado,82255,-32.513042,36.1632405
Todd Nelson,33,534 Wise Summit Suite 192,Lake Lauriebury,Nebraska,80074,92.220924,-24.664165
Robert Freeman,31,16919 Elizabeth Underpass Suite 903,Waltonberg,Mississippi,78004,144.413043,62.6176515
Brittany Sexton,54,680 Glenn Tunnel,Lake Mary,Connecticut,26154,76.358832,62.762031
Joel Hull,55,45305 Jill Skyway,Port Benjamin,California,41423,141.913728,66.1358465
Russell Singh,20,9508 Ana Row,Sosatown,Nebraska,20605,89.939157,-54.7252205
Kristine Barron,20,95760 Jennifer Burgs Apt. 063,East David,New Mexico,10188,23.153732,-33.7537915
Laura Williams,30,00902 Katherine Stravenue Apt. 981,North Brittanyburgh,Tennessee,22592,-38.821064,4.275145
Brett Ramirez,44,34493 Doyle Squares,Edwardside,Colorado,09514,-176.284479,-49.668484
Anthony Villarreal,34,0338 Johnson Trace Suite 186,Natalieburgh,Texas,93936,142.211696,-46.0834725
Linda Rhodes,67,149 Emily Walk,Pruittside,New Hampshire,76716,104.652952,2.635791
Joseph Cox,59,62353 Shelly Trail,Port Melanie,Kansas,81833,78.354729,-15.5607465
Alyssa Vincent,56,7435 Vasquez Creek Suite 066,North Stephanie,Indiana,87580,-122.516984,15.8482325
David Cook,21,096 Velasquez Springs Suite 395,Williamsfurt,California,83307,154.013206,82.7630905
Beverly Wright,79,823 Murillo River,West Jennifer,Virginia,57519,-9.610570,-19.4606555
Oscar Hill,38,5250 Lisa Key Apt. 794,North Markmouth,Alaska,27395,127.192914,56.2063305
Dillon Thompson,65,55219 Christina Forest,Port Kimberlyshire,Colorado,04546,28.602097,-38.2989805
James English,66,015 Roberts Pass,Port Ashley,Michigan,02520,-110.917432,15.7484395
Elizabeth Jackson,51,6280 Paul Cliff Apt. 814,Michaelview,Arkansas,92112,-176.924621,88.694514
Chelsea Conway,50,51496 Roger Course,South Patricia,Colorado,26557,-69.570511,60.797037
Bobby Maddox,18,7827 Oliver Tunnel,South Dean,Colorado,61745,170.427538,15.621619
Mary Bates,65,38214 Duncan Mews Apt. 723,Port Robertborough,Washington,35621,4.505308,88.6229895
Harold Johnson,74,3093 Martin Mission Suite 464,Danielleberg,Delaware,06605,39.810733,55.181485
Michael Pollard,39,593 Hays Island,West Yvonnefurt,New Hampshire,55062,-59.819217,-16.7947215
Emily Davis,54,531 Lee Landing,Carterburgh,Hawaii,54000,115.561578,67.7625135
Gary Riggs,41,0767 King Fields Suite 702,Jeromechester,Utah,61490,-155.131012,84.378731
Emily Lee,61,58771 Holden Square,Wardstad,Missouri,20675,-44.671017,-76.9404465
Maurice Mcclain,65,270 Sharon Falls,Jamesport,New Hampshire,41156,163.474755,31.2931825
James Phillips,69,769 Ross Circle,Andersonchester,Wisconsin,44549,-161.406099,16.2201355
Brianna Yang,30,9423 Nguyen Inlet Apt. 469,Dixonmouth,New York,97317,-155.217997,-31.213671
Gloria Strickland,21,67544 Ashley Village,Lake Jamesport,Arizona,98047,131.802141,-28.880802
Anthony Hamilton,67,634 Nguyen Shoals Apt. 389,Blanchardfurt,Kansas,75156,126.894901,38.3348865
Michael Stevens,70,248 Garcia Pike Suite 060,Lukebury,Connecticut,84041,169.683270,26.441161
David Jenkins,66,13350 Whitney Place Suite 510,Figueroafort,Wyoming,61566,-34.473587,47.1573195
Jerry Smith,49,1875 Lori Villages,East Christie,Massachusetts,59910,5.892234,-88.084893
Donald Nichols,69,92932 Jason Turnpike Apt. 601,Markport,Illinois,51244,164.590338,-38.198016
Daniel Smith,31,65948 Jennifer Brook,North Alex,Indiana,75757,-42.381546,4.3930945
Sandra Tucker,46,162 Emma Estates Suite 855,Reyesport,Arizona,04800,60.354089,67.4514595
Scott Roman,59,37047 Jacob Inlet,West Ashleyside,Missouri,83750,11.604273,35.4949445
Melissa Strickland,74,47396 Richard Locks Apt. 754,New Amyview,Oregon,08930,89.669673,43.7511555
Jeffrey Nash,34,0513 Pamela Pass Suite 420,South Stacy,Florida,89283,75.361206,-84.039675
Richard Mccoy Jr.,24,5044 Williams View,Emilyville,Pennsylvania,42194,-170.191408,-40.2928195
Heather Conley,19,297 Christina Mount Apt. 995,Richardsonville,Texas,25337,-176.701070,49.8042295
Eric Miller,75,62728 Jesse Village Apt. 059,Port Ambermouth,New Jersey,22832,63.354116,-30.521322
Randall Odonnell,49,004 Gonzalez Mill,Gibbschester,Oklahoma,47763,176.621662,68.1011505
John Leblanc,79,774 Craig Mews,East Kenneth,Montana,77377,-115.586897,47.5332455
Sarah Young,75,19895 Jones Alley Apt. 947,Jenniferhaven,New Jersey,13825,-148.729362,-39.771779
Douglas Reynolds,56,95559 Sheri Locks Suite 787,Lake Alexander,New Hampshire,61158,24.165330,68.855261
Cathy Thompson,57,95778 Anderson Knoll Suite 228,Port Bobbyport,Idaho,51954,87.483392,81.3983175
Jamie Torres,32,3213 Michael Branch Suite 019,South Wendy,New Mexico,05691,82.664756,-33.2480455
Kathleen Miller,43,164 John Divide Apt. 845,Stewartberg,New Mexico,29563,-70.233584,84.486215
Alicia Lopez,56,544 Jay Circle Suite 506,Elizabethchester,New Jersey,50682,-13.100395,74.0292015
David Rowe,61,866 Carroll Place,New Jessica,Nebraska,77610,-124.990649,88.276796
Alexandra Hughes,42,1515 Ronald Loaf Apt. 378,Karenland,Virginia,42737,-124.436342,76.047951
Joseph Santiago,57,7719 Johnathan Lakes,Perezbury,Vermont,12533,-39.546599,88.481799
Linda Vargas,32,31249 Stanton Knolls,Johnsonstad,New Jersey,83615,103.107825,-10.614825
Garrett Ball,75,1898 Alexander Port Apt. 399,Lake Joshua,Iowa,73406,-30.311886,79.2117055
Emma Allen,34,6719 Murray Ridge,Pittsland,South Carolina,71759,-54.268536,24.476155
Cassie Chang,56,28449 Debra Lake,Sethchester,Mississippi,70516,141.028773,68.4411985
Brian Bolton,73,3459 Aaron Inlet,North Susanside,Missouri,83625,52.180309,-45.9090445
Mark Kirby,69,24202 Kevin Plain Suite 667,Parkerfurt,Maryland,43774,-168.106923,46.6363235
Gregory Williams,51,90736 Ortiz Lodge Suite 145,Bakerland,Missouri,63041,-69.918703,2.152757
Joseph Middleton,37,01660 Sabrina Haven,Bensonfurt,Oregon,74604,170.033511,-82.687520
Daniel Stevenson,53,578 Smith Knoll Suite 430,Thomasstad,Washington,03289,18.930241,88.7158045
Brooke Marshall,63,65402 Keith Spur,South Jamesside,Arkansas,38004,-30.540691,-71.0003195
Michael Gordon,67,4723 Fisher Pines,Williamview,Nevada,34304,-52.680470,-16.088754
Eric Williams,68,81984 Perry Fall Apt. 390,Mannside,Florida,21937,-132.474785,-83.960540
Brandon Gomez,50,4056 Hicks Knoll,Grantshire,Georgia,26848,-112.311992,81.246638
Christina Khan,37,373 Carrillo Springs Apt. 212,Lake Cherylfort,Arizona,50015,-162.203916,-54.8820825
Darryl Mejia,43,55484 Lopez Islands,Jessicaberg,Georgia,36700,-57.389925,-19.7575325
Greg Ho,19,7481 Dillon Ford Apt. 017,Shannonton,Massachusetts,49645,-99.486581,-73.797597
Sheila Barber,58,2767 Gregory Trafficway Suite 652,South Evelynberg,Nevada,90433,-133.337210,-79.636809
Lauren Walters,45,963 Owen Ways,South Christopherport,Maine,12428,-91.712359,28.0971365
Carlos Cook,76,758 Sally Village,South Kristine,Nevada,02288,-62.575464,22.648482
Mark Diaz,38,30157 Brooks Radial Suite 059,Rosestad,North Carolina,48602,-168.901455,1.8082395
Sandra Maynard,21,5914 Fuentes Place Suite 673,Gonzalezfort,Oklahoma,79014,116.016846,-3.687663
Tammy Wilson,41,169 Schultz Fork Apt. 567,Lorishire,Virginia,77863,-116.655932,52.285437
Jason Shaffer,58,9845 Michael Lakes,East Rachaelchester,Maryland,76795,-177.882712,0.1092345
Katherine Sanders,50,48030 Chambers Way Apt. 868,Nathanshire,Arkansas,30695,167.531945,28.8561895
Shannon Clarke,66,9969 William Highway,Lauraburgh,Virginia,43556,-158.007619,76.266684
Dennis Johnson,31,9326 Megan Ramp Suite 531,Shannonview,Michigan,58319,107.010452,4.6122395
Valerie Santos,51,395 Johnson Dale,Jeffreyland,Montana,52540,95.607936,42.5364405
Tommy Coleman,18,15913 Joseph Extension,South Kyle,New Jersey,97322,-63.394018,-85.178276
Jocelyn Barr,18,29735 Clarke Shoals Suite 299,Johnsonside,New York,83248,-67.027477,-46.099106
Laura Adams,74,91101 Huynh Drives,Christianberg,Washington,34568,-106.886778,19.288961
Anne Bass,52,6422 Waller Ridge,Bakerton,Massachusetts,32306,127.263181,50.555829
Ariel Martin,61,4959 Casey Pines,East Jacobland,New Jersey,68325,-3.667818,-18.5207235
Angela Brooks,27,1336 Daniel Square Apt. 893,Chelseaview,West Virginia,90625,-160.824089,-33.7464905
James Barnes,79,974 Rodriguez Village Apt. 640,West Deniseside,Ohio,63778,157.976377,-44.345769
Robert Spencer,33,2286 Michael Centers Apt. 340,Taylormouth,New Mexico,72102,20.103867,-1.5126745
Roy Strickland,63,61791 Katie Lodge,Roachview,North Dakota,26899,-112.322203,-86.226768
Meghan Elliott,66,8458 Khan Fall,Paulton,Oregon,77570,-44.179818,-10.567328
Rebecca Chavez,49,199 Lisa Point,Palmerland,Colorado,79140,129.900370,15.8131315
Theresa Mcclain,18,753 King Valleys,Nancychester,Hawaii,91200,-113.028365,34.110869
Tracy Garcia,55,1842 Aguirre Mall Apt. 096,Buckleyview,Ohio,79028,33.032127,56.4565905
Rachael Rodriguez,45,288 Brown Inlet,Port Lauratown,West Virginia,60629,122.062016,-5.2937515
Natasha Brown,53,559 Melissa Circle Suite 754,East Randall,West Virginia,82370,-63.094807,-60.2413245
Christopher Holloway,35,0033 Acosta Lodge Suite 080,Jessicafort,North Dakota,25677,102.399892,6.2459455
Brittany Alvarez,56,9990 Robinson Squares,Stacyfort,Minnesota,83713,96.618234,32.869673
Tiffany Graham,36,899 John Creek Apt. 306,New Abigail,Washington,12826,-179.368645,66.4096065
David Long,79,623 Steven Island Apt. 719,South Jodibury,Arkansas,04093,-54.328978,-44.4009845
Cheryl Young,45,2468 Thompson Pass Apt. 014,Nicolechester,Maryland,07890,-98.212135,70.072112
Carlos Blevins,18,07292 James Rapid Apt. 498,South Erika,Wisconsin,55843,173.245736,-13.963697
Dr. Adrian Sanchez,20,998 Klein Shores Apt. 503,Port Dennistown,Louisiana,98788,-126.702143,-70.803299
Robert Walton,75,721 Matthew Pines,Meyersland,Utah,93701,-159.126998,-63.439474
Sabrina Conner,20,1181 Tanner Loop,East Raymond,West Virginia,06179,-70.418697,-0.8170885
Alyssa Thomas,37,097 Callahan Ports Apt. 351,Manuelfurt,Hawaii,59742,40.946764,-5.3858925
Tammy Bird,51,526 Salazar Curve,Shelleyhaven,Arkansas,72461,145.724673,-52.980957
Gregg Williams,59,8063 Rios Springs,Marystad,Iowa,17067,-122.086496,-37.1574815
Meredith Jordan DDS,80,466 Scott Villages,Alexandrachester,Montana,70410,-87.661657,-87.8435865
Eugene Lopez,42,8695 Hubbard Falls,East Cody,Wyoming,86610,-3.822891,-11.863763
David Daugherty,49,03979 Mahoney Greens Suite 018,Finleyfurt,Rhode Island,47264,-49.147466,-46.392575
Crystal Torres,55,37159 Summers Skyway Suite 640,Douglasberg,Florida,53322,-143.328682,-25.567439
Kathryn Baker,28,978 Jonathan River,Lake Dianefort,New York,78040,28.856011,-86.471168
Andrew Rhodes,26,29774 Michael Crest Apt. 256,Port Willieland,Arkansas,88596,0.186609,-20.2517655
Nicole Flores,38,0557 Gallagher Lock,Lake Christinefurt,Minnesota,56212,151.697523,-71.770898
Christopher Moore,45,640 Allen Island,North Brittany,Rhode Island,24393,3.221767,14.6734535
Kayla Andrews,37,884 Amanda Hill,Rileytown,Illinois,28251,132.097638,-35.6461945
Kevin Hurst,51,8079 Craig Estate Suite 116,Lake Sean,Michigan,77513,-57.547743,8.986891
Emily Hunt,39,346 Andersen Ranch Apt. 724,East Kelly,Alabama,77872,43.125703,13.0792035
Thomas Graves,70,0265 Jeffrey Squares,Lake Manuelton,Vermont,72513,-23.424284,48.4138275
Misty Duffy,43,6783 Hernandez Ports Apt. 253,Lake Rachel,New York,91964,-84.027993,-9.2186225
Latasha Davis,24,011 Joel Cliffs Suite 604,Lake David,Kansas,25020,136.640977,29.0026475
Paul Henry,53,036 Williamson Gardens Apt. 822,Terriborough,Washington,18210,26.242641,44.8741505
Michele Kim,45,657 Peter Trail Apt. 988,Davischester,North Dakota,45335,158.458786,76.221301
Wayne George,57,127 Stephens Point,Nicolehaven,Ohio,77627,-31.405263,-55.844599
Emily Mcmillan,58,65824 Lewis Crossing,Port Shannonton,Oregon,88350,156.241090,53.3461715
Kenneth Gonzales,60,42540 Cheryl Station,New Stacieview,Montana,08159,170.110974,60.695973
Jessica Ramirez,42,8995 Kelly Port,Kristinahaven,Oregon,11593,144.612075,28.7345245
Jennifer Hall,76,57563 Cummings Turnpike Apt. 575,New Ericabury,West Virginia,54666,145.954629,10.0558925
Stephanie Grant,32,6697 Jeffrey Flats Suite 555,South Paulfurt,Alaska,37419,-61.375492,77.6083685
Richard King,77,7205 Katherine Crossroad,Codyborough,South Dakota,57239,-115.760944,-75.0005305
Teresa Jensen,24,88584 Caldwell Motorway Apt. 099,South Dorothy,Ohio,37359,-174.597806,-61.289254
Laurie Williams,74,048 Larry Green,Bradleyville,Kansas,64785,76.522864,78.5212105
Victor Cherry,53,3802 Beth Spurs,Phelpsville,Montana,77181,-151.287806,-22.812722
Cory Sellers,22,77656 Jack Junction Apt. 215,Comptonton,Hawaii,46147,-57.672210,-89.445719
Carol Ingram,72,7078 Christopher Street,New Denise,Tennessee,21275,66.542737,16.8242565
Phillip Atkins,74,106 Yang Valleys,Barkerburgh,South Dakota,27569,-100.775648,-85.581051
Tammy Stewart,28,51257 Williams Shore Apt. 487,North Jennifer,Georgia,69417,-8.364512,-68.8792825
Amanda Vasquez,39,9251 Thomas Prairie Suite 526,West Patricia,New Mexico,61080,-137.810105,-57.3815265
Ann Long,18,48110 Caldwell Summit Apt. 906,North David,Hawaii,46005,64.010540,77.1657375
Kimberly Sullivan,24,69008 Michael Shoal,Leeborough,Arkansas,43017,-110.237905,4.536961
Lisa Young,32,182 Thompson Crest,Lake Kathyfort,Hawaii,91790,89.331982,-42.948885
Karen Stephens,80,38300 Compton Port,East Louis,West Virginia,06792,80.995926,-30.1665855
Marissa Morris,23,343 Nguyen Throughway Suite 918,Brownhaven,North Dakota,96053,168.191117,-42.448509
Kevin Hoffman,51,147 Grace Terrace,South Shawn,Colorado,58865,171.968809,-67.694736
Mary King,33,66614 Roberts Road,Lorettatown,Maryland,68577,119.776629,-26.9358525
Christopher Taylor,53,088 Christopher Fall,Meganport,Utah,34589,-25.469670,-6.591866
Jonathan Smith,75,27361 Anna Tunnel Suite 146,North William,West Virginia,73578,-163.254758,23.462190
Lori Obrien,48,08758 Joseph Corners Suite 664,West Tammyhaven,Missouri,94739,-75.172246,-64.1343445
Steven Nolan,48,9611 Adam Ridge,Jonathanberg,New Hampshire,33816,107.088189,57.4574385
Theresa Gutierrez,24,48528 Nathan Heights Apt. 772,North Gloriahaven,Rhode Island,02838,-86.769963,62.333038
Cheryl Beck,62,68747 Wolf Village,Elizabethland,Kentucky,47969,115.972920,28.8984185
Sharon Davidson,44,096 Curtis Crescent,Smithshire,Nebraska,81763,-62.432816,7.511597
Jeff Hendrix,63,13585 Sullivan Wells Apt. 953,Port Michelle,Utah,77185,-77.741903,-33.8590695
Karen Smith,50,34861 Ashley Drives,Melissahaven,Iowa,69060,161.184974,-54.373643
Christopher Hernandez,24,78904 Garcia Pine Suite 692,North Williamville,Nevada,51960,-155.862120,-44.5743625
Dominic Guerrero,55,65724 Ford Shoal,Mcguirefurt,Iowa,88776,-108.354850,-7.6438665
Steven Frazier,65,859 Armstrong Flat Suite 180,Adamstad,Ohio,28405,41.653846,-71.958306
Kathleen Lucas,23,296 Michelle Estate Apt. 726,Meganview,Kentucky,09386,-61.390940,71.1732155
Wendy Bryant,55,8748 Patel Flat Apt. 939,Hendersonview,Tennessee,95715,-137.591540,34.792186
Lance Miller,28,95895 Mark Fields Suite 863,South Lisa,Colorado,70404,48.171237,10.2454365
Amy Baker,60,73290 Randall Corner,Montoyamouth,Oklahoma,65793,-73.021721,-21.185395
Kayla Medina,72,413 Troy Causeway Apt. 497,Port Crystal,Wyoming,93272,-6.472035,50.4743235
Mercedes Brown,78,184 Moore Hills Suite 054,Jamesville,Texas,23839,-62.344376,89.4032105
Jay Gutierrez,39,4230 Hill Passage Suite 939,Markburgh,New York,29498,-85.107284,89.604396
Denise Farmer,29,9206 Moore Court,East Bailey,Pennsylvania,44370,-122.603905,-20.742558
Margaret Miller,31,199 Cassidy Square Suite 628,Tonyside,Louisiana,85820,-29.372859,2.0119785
Dana Fisher,39,852 Prince Plains,Dudleystad,Kentucky,57131,-145.826243,69.9853165
Kelli Perez,49,7837 Lawson Club Apt. 801,Lake Maryville,Alaska,98124,115.699483,52.147864
Brenda Kennedy,48,028 Payne Well Apt. 196,South Brianaside,Oregon,54416,106.399281,-63.2522655
Jonathan Thompson,41,613 Sean Plaza,Port Patrick,Oklahoma,97504,-0.669795,25.0739805
Mary Harvey,64,79513 Christopher Lodge,New Danielleshire,Alaska,47688,-72.471396,59.3425645
Jeffrey Trujillo,65,567 Michael Parks,West Josephland,Connecticut,94702,-35.312307,-38.9297005
Lisa Cruz,42,8588 Miranda Camp,Robinsonchester,Kentucky,78973,61.790835,51.0295445
Gail Roberts,58,909 Ross Greens,East Gregfurt,Nevada,75045,51.393160,52.6832205
Ashley Byrd,69,415 Holloway Knoll,Chandlerstad,Utah,58408,-93.543422,64.4834805
Robert Schneider,64,825 Bush Trail,Lake Sharonberg,Maine,61075,-139.982349,49.620985
Michaela Nelson,47,7691 James Ville Apt. 934,Mccallfurt,Wisconsin,49645,72.905514,30.7393145
Andres Nguyen,28,728 Acevedo Club Suite 401,Loriville,Wyoming,57883,123.249218,-19.0773145
Scott Stewart,34,6893 Amanda Curve,West Robinberg,North Dakota,23909,146.274121,-13.764808
Denise Harmon,40,262 Phillip Club,East Stephanie,West Virginia,27457,160.931862,-20.0921725
Monica Cole,71,59061 Michelle Route Suite 299,Barrettburgh,Montana,28851,3.660940,-63.8469145
William Shah,30,934 Andre Wall,Jonesberg,West Virginia,46117,-20.633907,34.4146175
Karen Blankenship,67,446 Lucero Ranch Apt. 716,Brownhaven,Alaska,43160,108.742261,-18.404995
Brittany Brown,53,81910 Paul Plains Apt. 053,North Christina,Florida,97522,178.343037,-6.2313095
Hannah Evans,68,031 Miller Wall,East Kristina,Arizona,37912,20.448671,-68.0158705
Barbara Rodriguez,67,428 Alexander Radial Apt. 050,Adamside,Arizona,29436,-133.220247,-42.4845465
Lauren Hernandez,70,15924 Bell Rest Apt. 998,West Barbaraview,Delaware,31213,101.613552,84.0693215
Veronica Bender,80,036 Lindsay Mount,East Nancyside,Oklahoma,80680,-29.801871,58.0704865
Tonya Bailey,65,08899 Brittany Garden Suite 586,Port Christopherfurt,North Carolina,81001,-81.101678,21.8199855
Timothy Parker,45,9065 Torres Views,Chenfort,Nevada,50415,-40.283068,-9.983042
Isabel Hull,47,11505 Frederick Lakes Suite 158,Rileyhaven,Nevada,44506,-16.481567,-80.4586765
Lori Juarez,57,74350 Melissa Bridge,West Jacquelineton,Wyoming,18620,170.126106,16.3757395
Todd Dixon,56,58309 Robert Mall Apt. 413,Port Kathyport,Montana,63871,159.188767,42.4240705
Erica Coleman,61,777 Moreno Square,Williamsstad,New York,89442,-32.365309,-55.3652635
Peter Richards Jr.,73,722 Miguel Fords,Brownmouth,Wyoming,79006,-39.540978,-56.4916475
Jesse Aguilar,32,2485 Maldonado Mountains,Lake Anthony,South Carolina,90785,-160.267084,-20.830166
Chelsea Navarro,76,3748 Luis Crest,East Reginaldburgh,Delaware,24992,-21.384381,34.559166
Donna Wood,70,9528 Mcclain Cliffs,Lake Kyle,Nevada,32599,-169.217986,62.888295
Cynthia Blackwell,25,06243 Crystal Meadows,Cruzmouth,Wyoming,35781,161.231942,82.1146715
Barry Merritt,72,5577 Russell Trace Suite 448,New Heather,Missouri,35787,100.797112,-15.8853315
Kaitlyn Jones,37,501 Phillip Ports Apt. 965,Moniqueville,Arkansas,23573,96.126926,-72.473355
Jeremy Simmons,66,90753 Wright Spurs Suite 582,Williamschester,Rhode Island,55304,-72.507659,-21.430023
Peter Snow,62,820 Abbott Corners Apt. 031,Joshuashire,Pennsylvania,65765,130.275914,29.306589
Destiny Robinson,59,9028 Costa Dale Apt. 756,Vincentfurt,Florida,72329,-121.577162,30.3899445
Christina Rojas,35,9103 Montoya Cliffs,Rodriguezport,Florida,17130,-16.046048,-60.0083165
Dr. Jennifer Daniel,52,8258 Kenneth Station Suite 010,Garyshire,Nevada,51089,-25.580269,-86.271869
Jamie Mendez,33,77594 Hanson Hills Suite 814,Lake Scott,Massachusetts,44365,154.256441,14.895584
Katie Tapia,28,80980 Lynn Crossing,Rachaelview,New Jersey,73413,-154.449757,-72.634745
Brian Gutierrez,77,287 Clements Lake Apt. 326,Quinnshire,Minnesota,74280,125.356744,-20.953682
Sarah Allen,50,018 Clark Lodge Apt. 899,East Jasontown,Mississippi,03572,-11.523536,31.819102
Katie Newton,30,317 Kimberly Bridge Apt. 447,Englishside,Nebraska,35455,88.534353,34.1848925
Wendy Hernandez,22,4357 Jones Dale Suite 501,Phillipsfort,Alabama,98260,-129.460913,58.5711855
Joseph Garcia,34,8852 Thompson Manor,South Jeffery,New Mexico,49295,-69.384833,52.208097
Vincent Hester,42,7573 Mahoney Drives Suite 438,Carpenterborough,Maryland,42136,-99.313634,-26.476579
Lauren Cooley,28,5851 Jennifer Turnpike Apt. 722,New Lauren,Maine,88202,-77.425226,-44.701282
Tyler Hernandez,54,31481 Mendoza Cliff Suite 138,Pierceview,Arizona,74659,111.530091,42.4093495
Tonya Craig,80,6167 Kendra Rapids,Angelatown,Mississippi,41840,111.106169,60.8560945
Karen Reilly,20,87369 Bates Road Suite 583,Hallhaven,Montana,16035,134.955283,22.763916
David Graves,28,91619 Fitzgerald Cliff Suite 417,Lake Pedro,Iowa,30425,-34.480674,85.4430305
Harry Dominguez,37,38026 Garcia Trace Suite 324,Kirkshire,Pennsylvania,53821,176.807878,-89.760640
Andrea Harris DDS,22,48592 Fuentes Isle Apt. 880,Heatherfurt,West Virginia,46259,113.103855,-20.951201
William Arnold,55,44852 James Prairie,Ramirezchester,Ohio,38856,96.731996,-52.0135065
Juan Wright,23,326 Bernard Parkways Apt. 053,Andrealand,Nevada,96917,162.657234,58.107056
Melissa Colon,57,23006 Roberts Road,Lake Danieltown,Pennsylvania,74530,154.999028,-36.9622955
Logan Turner,55,609 Molly Skyway,North Earl,South Dakota,65967,94.109818,80.9395195
Brittney Robles,47,1782 Madison Trafficway,Torresville,Wisconsin,88393,-38.550632,68.760125
Calvin Watson,50,137 Davis Forest Suite 890,West Jacqueline,Hawaii,33819,136.684975,63.1547555
David Romero,42,08437 Angela Tunnel,South Amanda,Illinois,59069,106.829843,47.4408295
Cindy White,78,951 Rogers Ferry,New Paul,Hawaii,12795,-98.499272,-79.2113565
Jeremy Allen,51,3130 Ortiz Shoal Apt. 430,Carpenterland,Illinois,68292,-139.792193,-62.465672
Heather Hopkins,40,595 Mark Ways,West Nicholastown,Washington,42958,-88.567596,-88.560058
Tina Rodriguez,21,03694 Hancock Row,New Jenny,Louisiana,32538,109.188314,-80.449285
Dawn Villegas,45,14375 Serrano Lodge,Christophershire,California,71788,45.716296,-66.2551735
Todd Phillips,71,32276 Singh Ford Suite 433,Deannaport,Maine,67168,-168.855932,68.6557795
Allison Howell,46,77242 Hodge Manors Apt. 579,Sheltonberg,Arizona,94586,-151.305087,8.3471835
Andrea Silva,39,2052 Susan Estate Suite 076,Clarktown,Nevada,90821,78.345686,43.618217
Marc Frank,59,974 Simmons Brook Suite 826,New Garyborough,Wyoming,81861,-40.129103,74.138300
Megan Johnson,79,15523 Meadows Track Apt. 875,Lake Angela,Michigan,04479,0.230638,14.696367
Brandon Johns,30,503 Jeremy Meadows,Lake Markfurt,Arizona,32588,-102.505719,-69.3167555
Elizabeth Moore,19,6736 John Lake,Tiffanyville,Alabama,14565,32.387643,7.2281515
Ryan Gallagher,76,90770 Hutchinson Canyon,Adamfurt,Montana,78082,61.544560,59.291877
Daniel Charles,61,4651 Veronica Manor Suite 237,Lake Christina,Montana,24756,60.301701,71.2016455
Christine Anderson,59,08466 Travis Square Suite 200,Johnland,Iowa,03689,148.900197,25.5284195
Cody Padilla,44,36613 Parker Summit,Williamsmouth,Minnesota,29656,85.288340,47.398588
Stephanie Jordan,46,111 Smith Summit Apt. 850,South Jean,Mississippi,15185,127.302692,79.440422
Cassandra James,62,013 Murray Forges,North Jamesborough,Maine,54294,-161.118790,-48.034678
Nicole Farmer,43,696 Small Drive,Danielview,Louisiana,68381,-16.863161,-47.355333
Justin Roberts,44,14196 Joseph Streets Suite 477,Phillipsland,New York,42020,-62.795435,87.708653
Cody Hawkins,79,7850 Francis Flat Apt. 824,Hallfort,Rhode Island,55025,22.722277,20.707611
Benjamin Kim,42,21293 Julie Parkways Apt. 314,Christopherton,Idaho,07393,-109.500057,-85.830491
Morgan Joseph,52,34272 Reed Stream Suite 435,Obrienchester,Colorado,39263,-49.863772,40.109254
Steven Kidd,75,935 Allen Views,South Ginaborough,Utah,67476,-18.098302,43.5395785
Charles Ayers,56,956 Hernandez Via Apt. 318,Johnfort,Kentucky,70122,-153.038858,45.4956155
Donald Rocha,75,13108 Rivera Islands,South Scottville,Arizona,97321,140.083076,-7.7837105
Allen Norris,50,781 John Green,New Justinfurt,Washington,09822,-25.078402,-26.132288
James Robinson,59,48216 Sanchez Crescent Suite 745,Rodneytown,Idaho,31132,162.582935,63.776246
Jennifer Woods,71,8716 Bailey Point Apt. 297,Port Seanview,Nebraska,33666,110.732991,-77.260189
Sharon Barnett,32,815 Whitaker Harbors Suite 138,New Shelbymouth,Oregon,65500,121.413500,12.8838145
Derek Fletcher,80,00695 Thomas Canyon Apt. 065,Mariamouth,Rhode Island,47236,-45.093665,80.4062855
Christopher Porter,79,52044 Grant Springs,Stanleyshire,Ohio,97949,145.141689,-5.416812
Diamond Scott,38,6095 Hunt Key,North Tammyberg,Idaho,62445,-140.167572,-1.7022175
Eric Poole,76,3268 Wilson Curve Suite 593,New Joanna,South Carolina,88571,28.370523,35.3017315
Garrett Hill,58,18354 Justin Valleys,Ryanton,California,21630,-116.885751,-63.1450385
Angela Hodge,22,226 Timothy Manors Suite 376,Jacobville,South Carolina,27004,-54.004983,22.5287165
Gregory Caldwell,28,91533 Kayla Causeway Apt. 050,Roachton,Maryland,14746,16.510935,-23.1391965
Connie Flynn,18,12887 Diana Freeway,New Sandrachester,Alaska,63095,148.011336,84.0040435
Katherine Foster,71,023 Bennett Via Apt. 092,Theresahaven,West Virginia,57318,-52.081399,-89.0324185
Thomas Smith,32,597 Wolfe Avenue,Port Stevenmouth,Utah,76702,35.548712,12.8163875
Louis Wilson,31,83746 Hill Village,Valentineberg,Ohio,63037,7.514946,-76.452294
Shannon Jones,78,7596 Johnson Rapid Apt. 413,Seanberg,Washington,34152,53.316556,36.059054
Benjamin Jackson,56,1980 Buchanan Land,Port Daniel,New Hampshire,85606,-79.070052,56.1088685
Alexis Meyer,54,3325 Martin Views Suite 419,North Matthew,Rhode Island,81152,120.673189,-47.0120335
Jennifer Williams,58,88857 Joyce Roads,East Elaineburgh,New Jersey,63198,106.913926,7.286139
Jeffrey Golden,58,5052 John Mill Apt. 346,Russellside,Illinois,75754,60.643498,-36.5267495
Lori Campbell,79,622 Brenda Route Apt. 786,Hobbsmouth,South Dakota,09200,58.586059,32.062933
David Sweeney,35,81931 Deanna Fields,Hawkinsfurt,Washington,00865,-65.015155,-9.5264805
Joseph Ray,72,51281 Wright Camp,North Angela,Nevada,07240,-22.895793,49.342720
Alexander Sullivan,30,68220 Joseph Burg,New Rebeccaberg,Vermont,74630,122.440233,-68.211791
Mckenzie Murillo,60,66595 Bryan Unions,New Megan,New Jersey,65649,120.855655,-54.392424
Seth Ibarra,44,60291 Stephens Forges,Jennifermouth,New York,14496,-96.816700,87.6586305
Scott Miles,55,101 Hayes Streets,Port Stephen,Wyoming,04386,82.817865,-50.9646275
John Rodriguez,62,67189 Barrett Mountains,Jasonton,Arizona,61842,166.228299,-44.6968725
Ashley Terry,44,00612 Leslie Knolls,Lake Richard,Tennessee,04622,-113.738964,-27.6251555
Brandon Peterson,52,675 Thompson Prairie,Ruthmouth,Colorado,30470,157.620288,82.989637
Sean White,73,37032 Miller Fort,South Michaelmouth,Georgia,52231,24.139614,-8.090053
Kylie Estrada,42,26901 Garcia Station,Michealmouth,Connecticut,95019,-52.573871,65.7613715
Christina Moore,57,7265 Glenn Island Suite 539,Wallsfurt,New Mexico,97798,-136.790387,-71.9573155
William Baker,72,685 Meyer Oval Apt. 375,East Damon,Arizona,38672,110.202430,-23.1096465
Robert Stewart,31,60919 Hayes Brooks Suite 984,West Christopherside,Idaho,11594,82.599924,38.527844
Matthew Austin,28,7304 Natasha Isle,Jessicaport,New Mexico,27061,-102.749389,-56.827056
Robin Cain,79,4231 Fox Trafficway,Farrellshire,Maine,84727,118.724412,-76.4520855
Nathan Le,39,970 Miller Stravenue Apt. 522,Scottside,Mississippi,11529,78.102166,7.6764065
Phillip Brown,66,948 Dixon Extension,Greenstad,Alaska,75526,-40.786518,88.1274755
Beth Berry,46,396 Brown Village Apt. 040,Campbellbury,Maine,33936,114.757879,-85.1686625
Penny Doyle,27,07596 Daniel Springs Suite 880,West Williamfurt,Rhode Island,84665,-50.438345,10.6904625
Paula Moreno,25,70915 Walters Lock Apt. 262,Port Keith,Indiana,10473,2.783382,72.5038685
Michael Buck,48,4406 Guerrero Cliff Suite 353,Maldonadoborough,Virginia,28075,73.038601,-47.466279
Madison Sandoval,40,30162 Love Circles Suite 814,Lake Christophermouth,Georgia,75212,57.361584,-28.1294755
James Thompson,63,551 Brian Road,Parksberg,Delaware,65357,-46.592815,-12.3916075
Shannon Baxter,42,09046 Shannon Bypass Apt. 171,Lake Jessica,Kentucky,99450,42.265137,-73.922667
Jason Alexander,80,6778 Perez Mews Apt. 335,West Mark,New Jersey,15712,-19.937503,-20.858914
Kelly Jacobs,54,6310 Church Junctions Apt. 314,Moodychester,Maryland,42272,-84.315206,-72.567300
Gordon Ryan,53,3759 Erica Ports Suite 633,Frazierburgh,Mississippi,24987,66.982760,-5.514000
Michael Martin,24,9768 Novak Fort Suite 978,Ryanshire,New Jersey,64264,92.371336,-72.222863
Ryan Winters,26,394 Ann Roads Apt. 066,Clarkeshire,Nebraska,66175,25.923664,21.8430835
Brandon Sims,26,7301 Stewart Islands Suite 135,Lake Vickieborough,Rhode Island,22959,115.267163,-79.923675
Michael Farley,68,71044 Alvarez Ports Suite 419,Millsmouth,Wisconsin,90312,-5.763182,63.2909605
Carla Henderson,47,782 Hall Row Apt. 489,Justinborough,Washington,17139,-9.645148,-51.615718
Anna Alvarez,29,621 Zachary Pike,Amandaside,West Virginia,06577,-141.841250,63.0641615
Amanda Gilbert,39,822 Michael Throughway,South Ericamouth,Vermont,64118,156.139054,-63.758220
Jessica Moses,54,16744 Austin Meadows,Marcochester,Missouri,80334,-54.988972,-0.870321
Erin Montgomery,41,577 Jodi Divide Apt. 156,Michaelville,Wisconsin,11961,-43.677848,-86.9371785
Stacy Mclaughlin,73,83374 Rice Wells Suite 462,New Steven,California,96779,-146.113139,-86.1803005
Vanessa Bates,66,5803 Shannon Street Apt. 650,South Brian,Texas,19344,134.766954,-81.997506
John Salinas,39,5247 Annette Branch Suite 691,East Darren,Michigan,45618,-0.881320,58.5929535
Anthony Perez,45,124 Harrington Islands,Walkerhaven,New York,23145,-132.909572,-1.777855
Travis Morales,57,64680 Myers Highway Apt. 770,Jonathanmouth,Maine,26487,-139.833240,47.361491
Tracy Johnston,54,177 Paula Pines Suite 920,New Chelseaberg,Minnesota,07083,151.582938,-77.249585
Christina Clark,41,56159 Stanley Loop,New Kristenton,Idaho,79599,-76.016288,56.1862735
Brian Petersen,66,4673 Rivera Trafficway,New Christopherton,New Hampshire,22938,143.509422,7.924191
Veronica Price,43,92170 Jacobs Pike,South Jacquelineville,Idaho,20131,146.054311,85.7588855
Rebecca Henderson,74,45638 Rebecca Mission,South Adammouth,Oklahoma,10749,-176.577578,-87.6259935
Scott Patton,20,131 Green Turnpike Apt. 697,Lake Shanechester,Connecticut,01963,-56.315239,-54.153324
Robert Allen,39,32999 Grimes Plains Suite 305,Katrinaburgh,Alaska,74829,155.550376,-44.5170695
Christopher Olson,31,5248 Cesar Port Apt. 404,New Kellyshire,Oregon,98557,172.616681,-8.385495
Kent Rangel,25,7978 Taylor Valleys Apt. 302,New Erikbury,Rhode Island,74224,-59.075707,-15.592734
James Oliver,24,3881 Christina Manors,Williamsfort,Montana,06074,-5.160664,89.244653
Steven Dunn,58,7738 John Point,North Hector,Idaho,56979,-142.037168,-56.374596
Gregory Hughes,52,842 Gina Stream Apt. 022,Friedmanville,Maryland,34780,-25.792547,-55.3548425
Dr. Mary Mays,78,15506 Kim Grove Apt. 536,Aimeebury,Indiana,26734,-129.512320,37.5661035
Gabriella Davis,58,6779 Dawson Park,Lake Maureenshire,Vermont,17625,72.610574,-1.0360445
Crystal Lambert,73,9789 Kelley Street,Daltonton,Louisiana,99711,52.414421,-9.628089
Marie Wright,47,4075 Ashley Courts Suite 781,Sandersview,Michigan,31622,113.406330,-57.881845
Amanda Thompson,67,09917 Charles Gateway,Batesstad,Alaska,54666,-160.130264,-7.857121
Nicholas Turner,61,712 Brandon Spur Suite 502,Andreafort,Connecticut,11509,-158.284138,-79.422849
Gloria Miller,65,93040 Perez Corner Suite 192,New Kimberlyville,Wyoming,18584,35.426389,35.108667
Kathy Rivera,38,852 Williams Villages Apt. 361,South Ashleyborough,Montana,35385,-0.684271,-72.594983
Leah Allen,57,71938 Foster Glen Suite 544,Lake Heatherberg,Arizona,05215,-115.697575,-48.781751
Anita Miller,67,862 Smith Keys Apt. 161,Joshuamouth,Indiana,12820,32.584832,-47.4322205
April Smith,21,85365 Cassidy Villages Suite 865,Port Kendrafort,Vermont,09811,54.279624,17.3168475
Antonio Hansen,46,8837 Parker Viaduct,Port Sylviaton,Texas,93186,36.393906,-80.475317
Matthew Alvarez,67,06396 Andrade Isle,Valeriestad,Minnesota,38119,-173.036592,24.967231
Mark Stokes,77,5197 Jonathan Flats Apt. 650,Robersonshire,New York,87201,170.139097,-82.5366435
Michael Mckenzie,44,1170 David Lights Apt. 359,Taylortown,Utah,87624,-9.827782,-21.605346
Kyle Nolan,68,28730 Sanders Wall,Jilltown,Rhode Island,46923,173.464114,-62.4643285
Amanda Sanchez,61,572 Edwin Dam Suite 362,Dennisport,Arkansas,34556,17.882077,79.5980695
Bryan Becker,30,55519 Jackson Burgs Suite 103,Shortton,Washington,15170,148.084838,40.0602005
Nicholas Bell,44,50295 Cannon Road Apt. 169,East Mariaton,Utah,83732,-22.855227,-89.265176
Brittany Holden,37,564 Frye Loaf,Port Alexborough,North Carolina,62767,96.932068,-2.0825865
David Howe,54,8823 Vega Spring Apt. 715,Port David,Washington,59215,171.509382,60.2245585
Michael Mcclure,48,04992 Keller Village Apt. 486,New Kathleenview,Minnesota,91965,123.328585,15.1580935
Jennifer Powell,27,403 Gomez Brook,New Kevin,Maryland,01975,-170.242742,31.076034
Tracy Mcbride,69,402 Wilson Isle Suite 903,Ritterview,Washington,47365,53.502537,-82.8818335
Brenda Wilson,75,184 Hale Station Apt. 860,Charlesborough,Tennessee,15130,-9.189998,4.859747
Wayne Martinez,28,760 Mary Branch,Georgestad,Alaska,45606,112.058145,-14.4424305
Eric Reynolds,45,044 Cruz Villages Suite 026,Dalemouth,Tennessee,23241,145.047566,56.5514375
Brittany Howell,77,55870 Michelle Extension,North Brendaport,Pennsylvania,14646,148.728047,-63.5344825
Calvin Cox,72,2249 Williams Lane,West Lauraland,New Jersey,35015,-62.349239,-29.134005
Nathaniel Lloyd,77,97399 Moore Stravenue Suite 625,Jonesburgh,Delaware,61100,125.598049,46.874375
David Wright,42,063 King Corner Apt. 148,East Jasmine,Connecticut,60923,-105.831718,-83.1505305
Gerald Patterson,36,100 Hampton Pike Apt. 081,Lake Victoria,Massachusetts,03539,-23.670039,-50.681433
Curtis Wright,18,499 Cannon Estate,East Karen,Iowa,41974,52.161609,32.159722
Gabriel Dennis,34,366 David Parkways,South Joditown,Kentucky,52045,36.348053,10.356601
Sandra Thompson,75,6155 Jesse Way,New Richardtown,Rhode Island,40681,18.723992,-50.4288525
Elizabeth Simpson,67,1970 Allison Station,Staceyville,Minnesota,61188,-126.938811,-63.3012555
Brandon Andrade,33,10886 Hall Burg,New Karenville,Maine,41111,72.471193,64.416166
Christina Hayes,45,30164 Cheyenne Underpass Apt. 271,East Calvin,Alabama,78255,-120.580920,-43.169274
Gregory Williams,50,65501 Jorge Walks,Joshuashire,Kansas,49442,109.174769,-65.6796735
Michael Costa,64,047 Campbell Dam,Meganton,Massachusetts,82322,82.710512,-53.798256
Jose Gates,71,6457 Roberts Mountains Apt. 709,Port Matthewside,Missouri,54555,-137.268863,-17.127005
Michael Farmer,36,450 Lindsay Grove Suite 592,North Maria,Wisconsin,10888,-68.460066,44.398942
Anthony Holmes,74,540 Hutchinson Roads Suite 243,Port Jerry,Arizona,81496,-27.462175,47.2317715
Kari Novak,68,586 Melissa Brooks,New Andrewview,Pennsylvania,54343,-150.811070,65.2198665
Benjamin Evans,43,32496 Cervantes Turnpike,Michellestad,Georgia,07133,-77.802400,12.5006225
Ronald Gomez,29,606 Brianna Trafficway Apt. 710,West Courtneyburgh,Tennessee,05953,118.163833,13.373490
Jasmine Powers,62,582 Morris Springs Suite 054,Lake Danielmouth,Tennessee,14776,139.958572,62.258151
Michael Austin,33,24112 Jackson Grove,Marioburgh,Indiana,24852,-116.645356,-10.516989
Brandi Phillips,19,39925 Laura Mission Apt. 894,Harmonmouth,Idaho,34569,38.309532,-65.718621
Aaron Mcguire,44,879 Luis River,Lisaview,Ohio,80178,113.073283,17.9201305
Donald Khan,72,9250 Robin Mountains,North Jillian,Pennsylvania,42889,-46.641506,-21.3514295
Randall Ryan,47,870 Jacqueline Well,New Lisa,Mississippi,43451,60.784427,-19.5787925
Kylie Torres,79,790 Nancy Highway Suite 890,Morenoview,Kentucky,59656,3.312339,-55.364612
Christy Miller,36,488 Reyes Course,South Mary,Idaho,36018,4.264088,68.8854355
Ronald White,60,07226 Angie Lake,West Henry,Alaska,43073,-176.150674,16.342004
Jerome Case,23,1713 Garcia Turnpike,Owensshire,Illinois,03903,82.612624,-17.2592235
Matthew Caldwell,45,16537 Carol Ridges,Lake Lisaport,Utah,97326,-166.103636,-22.455570
Melissa Jones,74,620 Barbara Gardens,North Jasonborough,Utah,25165,154.783167,28.8802395
Frank Jones,43,872 Graham Summit Apt. 984,Michellestad,Mississippi,77993,58.624988,-22.077987
Kaitlin Caldwell,69,5859 Holly Estates Apt. 621,Bethmouth,South Dakota,95216,-66.639979,61.890806
Yvette White,35,521 Goodwin Viaduct Apt. 397,Whitehaven,Illinois,39606,29.420089,66.599666
Erika Knight,57,25904 Medina Garden,South Katelyn,Nebraska,35216,-40.106245,88.9215235
Glenn Rodriguez,36,4932 Bell Port Suite 583,Hunterport,Oklahoma,31915,-75.072628,54.564329
Amy Haynes,38,009 Gray Drives,Bradleyview,Minnesota,42706,-92.474613,-20.654280
Valerie White,37,92196 Shaw Meadow,North Kevinmouth,Washington,15748,23.474749,52.243709
Roger Ryan,44,759 Wright Fords Suite 867,South Michael,South Carolina,92621,158.814734,-36.629467
Gloria Cooper,66,889 Kim Pass Suite 474,South Joseph,West Virginia,37637,43.140598,13.666087
Kathleen Neal,24,7062 Mackenzie Squares Suite 974,South Gabrielfurt,Maine,14080,3.933366,42.104923
Dale Lara,66,0599 Thomas View,Port John,Kansas,39338,-87.910464,-75.733068
Michelle Nelson,23,6659 Daniel Mount Apt. 316,Hernandezhaven,Washington,67371,137.872502,86.136524
Mary Williams,31,7230 Anthony Flat,Lake Tiffanyberg,Nebraska,53347,-40.083662,-42.9864835
Michael Bruce,80,40312 Hicks Haven Apt. 881,New Thomas,Montana,61235,61.641588,14.742196
Cassandra Shea,46,4547 Larry Pike Suite 613,Port Kellyside,Wyoming,78662,169.115897,57.8169955
Lauren James,69,09437 Benson Pike,West Lynn,Maine,19712,-60.074257,83.750760
Raymond Turner,36,7705 Patrick Lock Apt. 388,South Thomasberg,Utah,44769,-33.006689,53.742617
Christine Nelson,50,166 Christopher Shoal Suite 585,Port Gregory,Connecticut,40973,-15.549813,-41.944500
Andrew Boyd,24,130 Jennifer Radial,Frederickbury,Utah,40135,-105.550192,86.5646005
Jasmin Walker,55,9820 Nelson Squares Suite 264,Thompsonborough,New York,60277,-19.143557,-68.5487245
Jeffery Todd,23,362 Virginia Trail,Michaelview,Hawaii,84919,-34.223131,-24.5753945
Lori Faulkner,73,80364 Anthony Brooks Apt. 735,Cruzborough,New York,90240,-106.067548,19.112585
Mackenzie Edwards,46,299 Ricky Ford Suite 616,Brownton,North Carolina,55321,85.317646,-3.363165
Ann Gomez,80,864 Greene Vista Apt. 251,South Steventown,Arkansas,65352,122.511845,3.9771105
Gina Jordan,29,3590 Jennifer Roads,Jonathanville,Wisconsin,38016,29.106575,9.7681385
Debra Burke,57,40829 Cole Junction Apt. 667,Kimmouth,Florida,53660,-40.167253,61.633845
John Smith,45,320 Harmon Crossroad Suite 324,Lake Christinaville,Minnesota,05822,0.437146,63.518347
Leroy Ramirez MD,42,48217 Jessica Dale Apt. 564,Port Johnton,Hawaii,16052,124.932356,-80.927503
Tammy Waters,23,0844 Mike Flats Suite 063,South Kevin,Ohio,69661,-16.260494,-58.730763
Wesley Curry,38,44019 Shelby Lights Suite 193,New Jacquelinechester,Maine,64589,-100.671792,22.432164
Alvin Wallace,72,974 John Expressway Suite 887,Christinaland,Hawaii,08345,143.217686,75.509401
Mrs. Angela Miller,35,2267 Rachel Way Apt. 715,Andrewsfurt,Vermont,06443,3.762389,-72.0674985
Jennifer Ingram,80,74147 Robinson Trail Apt. 869,Courtneyland,Wyoming,03280,67.051738,79.145467
Christopher King Jr.,65,198 Hunt Circle,New Austinville,Vermont,30276,124.630912,-13.9698865
Joshua Mathews,80,5635 Rosales Bridge,Martinezport,Colorado,17540,-84.004612,24.5239705
David Hammond,61,7915 Alvarez Spur,Tammyland,Arkansas,07873,103.326600,-60.942044
Breanna Santiago,33,6520 Kirsten Groves Apt. 068,South Eric,Pennsylvania,34556,99.078555,-22.244424
Audrey Wells,59,809 Carlos Ford Apt. 676,Lake Ryan,Wisconsin,24255,86.436684,51.018317
Amy Carr,20,373 Javier Estate Apt. 988,Sarahside,New Mexico,16099,8.902660,-24.7419225
Maria Cook,61,9848 Denise Plains Apt. 066,Fritzhaven,Michigan,65508,-86.822476,-14.4688095
Alexandra Campbell,43,6170 Amanda Flats Suite 680,Lake Catherine,Utah,46432,94.263032,-34.723503
Jocelyn Robinson,25,6068 Mueller Garden,Cooperton,Alabama,41294,80.605832,-69.1097085
Jill Bell,58,858 Julia Extensions,North Ryanburgh,New York,49631,-21.538569,8.198333
Christian Rodriguez,31,0202 Rowe Row,Jasonton,Louisiana,45160,42.450377,-74.838675
Natalie Johnson DVM,62,303 Lopez Plain Suite 558,South Andreaburgh,Virginia,37538,57.405212,-88.1849635
Tracey Gordon,53,19145 Kathy Cove,Port Chelseahaven,Maryland,68142,4.121624,-18.086777
Carmen Lawson,44,20307 Teresa Key Apt. 058,New Sandrabury,Tennessee,26733,52.099014,-28.186784
Elizabeth Nguyen,33,98463 Robert Track,South Brian,South Dakota,96236,87.106283,79.423993
Melissa Perry,25,59620 Joseph Summit,Millsview,Louisiana,99776,72.096250,28.6757735
Tina Chung,65,89702 Andrew Wells Suite 389,North Donald,Illinois,32046,-29.247564,89.9903025
Adam Wright,46,4228 Christopher Wall,Carterport,Mississippi,17692,20.006264,-60.7888775
Allison White,65,938 Kathy Knolls Apt. 198,Alvaradoview,Vermont,01871,137.029798,67.458224
Shawn Lee,31,54848 Mario Freeway,Andersonville,Wisconsin,68862,-66.220615,-23.876113
Natalie Foley,25,63597 Kaiser Neck,Port Alexander,Tennessee,93838,-133.332850,-49.1821915
Amanda Woods,51,4147 Foster Coves Suite 202,Stewarttown,Idaho,78102,-112.968901,15.403274
Michael Sparks,56,38885 Nicholson Field Apt. 524,Lake Juliastad,Iowa,72147,148.757832,-60.1972055
John Moore,31,8011 William Ports,Harrisshire,Alabama,34373,130.097674,-63.1371335
Philip Strong,43,65704 Hubbard Rapids,West Heidihaven,New Hampshire,57495,-40.806341,29.3979585
Pamela Snyder,44,2826 Eric Isle,West Kellifort,Illinois,17890,-134.059789,61.521055
Jonathan Murillo,73,212 Michael Inlet Apt. 630,North Carolyn,Missouri,88879,-103.899485,-17.1814245
Jacqueline Russell,38,1465 James Vista Apt. 034,North Aaronton,Alabama,23984,-11.922847,48.7782495
Jack Knight,30,9580 Brandon Plain Suite 371,Crystalberg,Washington,96247,57.711856,77.067683
John Rangel,33,727 Matthew Grove Suite 785,Courtneymouth,South Dakota,35640,18.753322,76.770053
Kenneth Collier,20,016 Patricia Extension,North Andrewbury,Kentucky,25632,100.938845,-86.508303
Nicholas Fernandez,34,372 Martinez Lights Apt. 865,Owenshaven,California,37961,148.437248,16.330077
David Walters DDS,79,9698 Heidi Ford Suite 598,Jessicamouth,Iowa,90629,62.698221,-61.197162
Nancy Alvarez,56,552 Sherman Squares Suite 489,Diazborough,Delaware,43438,-173.380850,-49.1055645
Heather Brown,35,9570 Smith Station Apt. 158,Richardmouth,Colorado,18781,-71.618906,-3.1232775
Mary Randolph,41,57332 Brown Drives Apt. 807,East Robertmouth,Nebraska,35143,106.999688,37.0728875
Donna Lutz,43,865 Bryan Union,East Jasonton,Texas,08682,-98.159440,61.1627545
Matthew Oneal,44,81014 Jennifer Row,Valeriechester,Michigan,14587,-29.934435,-29.7819805
Johnathan Glenn,36,88527 Hendricks Ports,Lake Crystal,Alabama,40069,145.381896,24.594451
Matthew Walton,72,66243 James Shoal Suite 164,Johnsonport,Michigan,45935,-96.614301,88.1959395
Kim Meyer,71,3877 Thompson River,Stevenville,South Dakota,53983,-32.119252,9.6629225
Andrea Duke,59,2067 Berger Walks Suite 356,North Karen,Ohio,71334,118.684292,-84.177594
Amanda Harmon,24,138 Dixon Crossroad Suite 730,West Christophermouth,Kentucky,24694,-138.791442,-60.286059
Darren Nunez,58,60295 Jennifer Isle,Kimberlyburgh,New York,67912,46.897718,-36.003677
Terry Dunn,34,15461 White Shoals Suite 924,West Kelly,Georgia,94533,-158.025580,-57.3161595
Stephanie Vaughn,52,15571 Rachael Hills,Cherryhaven,Oklahoma,21309,175.491886,60.065227
Selena Deleon,42,0690 John Summit Suite 574,Tonychester,Missouri,87945,94.973843,50.4281525
Andrea Rivers,77,52043 Ronald Roads,Danielleland,Michigan,57366,8.761672,30.4320125
Ricardo Brown,50,422 Powell Forge Suite 767,North Lee,Wyoming,64085,-89.783451,-74.834644
Bill Wilson,34,37416 Macdonald Loaf Apt. 437,West Robert,Iowa,13605,-102.086709,69.085043
Casey Thornton,34,743 Day Brooks,Lake Samantha,Maine,81601,-154.427991,18.4090735
David Bryan,42,0774 Eric Causeway Apt. 382,South Makayla,Texas,35681,-24.085122,66.988388
Jeremy Hoover,30,377 Morgan Neck Apt. 637,Wilsonton,Alabama,13520,-147.394398,37.4573375
Michael Mcmillan,34,89846 Becker Brooks Apt. 606,Rodneytown,Minnesota,39256,65.815066,-45.679455
Sharon Gibson,19,35333 Blanchard Heights,West Zachary,Kentucky,57135,-62.029777,-78.0226845
Abigail Martin,60,597 Nicholas Tunnel Suite 922,Ryanton,Missouri,58327,6.011107,81.1738695
Patrick Williams,63,860 Garcia Cape,New Craig,South Dakota,16429,130.977108,56.501509
Cory Lopez,45,7534 Gibson Mission Suite 110,North Tammy,South Dakota,01629,-174.836317,39.487372
Mary Martinez,40,266 Roberts Knolls Apt. 134,Myersmouth,Maryland,54391,6.911815,-50.2950655
Donna King,28,500 Chelsea Vista Suite 330,Cortezville,North Carolina,47554,75.167001,-10.748297
Jessica Cunningham,66,407 Hahn Union,South Courtney,Nevada,63617,108.797572,0.8367415
Steven Anderson,55,822 Ware Union,Carolyntown,Georgia,35161,26.933817,39.449959
Angela Brooks,34,343 Miller Square,Port Bryan,Oregon,98880,-99.000479,29.236706
Jeffrey Stephens,52,2513 Maria Ferry Suite 702,East Franciscoland,Arkansas,36437,39.685397,-30.4452385
Stacey Harris,33,3818 Rodriguez Manor Apt. 630,Kristinville,Georgia,96393,-82.409989,-83.855425
Xavier Mccormick,24,229 Peterson Junctions,Mccormickport,Utah,62956,29.504145,34.6830175
Claudia West,76,642 Kelley Ways,Ellenmouth,North Carolina,35553,-142.355398,69.3472935
Kylie Morris,20,779 Robin Station Suite 831,West Tyrone,Florida,05869,18.916232,74.0689935
Jimmy Day,46,332 Mendez Plains Apt. 616,Port Michellefort,Alabama,04356,114.963917,-33.5419195
Patricia Campbell,33,3293 Cherry Locks,Montoyaview,Delaware,91829,-71.064670,47.0071745
Joyce Hoffman,20,26830 Latoya Gardens,Ashleybury,Nevada,72480,68.626479,8.024445
Jessica Mays,32,5277 Ian Ford,East Jasonport,Tennessee,32730,-31.321793,-19.6373625
Kerry Ruiz,59,13628 Adriana Keys Apt. 957,North Richard,New Hampshire,20281,40.954333,-52.7699805
Shannon Marshall,74,68697 Kelly Trail,Lindaborough,Iowa,62722,130.885982,-29.652532
Samantha Thomas,53,7007 Navarro Ramp,Bergfort,Maryland,30125,-154.827315,50.3517995
Ashley Mills,68,81053 Lewis Garden,West Erneststad,North Dakota,26899,-58.033237,-83.8280625
Nicholas Wood,58,7661 Wilson Mountains,Port Carla,Oregon,70782,40.149992,-0.363507
Victoria Phillips,25,90187 Atkinson Parks Apt. 542,Port Brendashire,Nebraska,53804,67.633257,-49.3152575
Gregory Sparks,29,432 Grant Ramp,Bradfordbury,California,13970,54.718634,33.396135
Tanner Robinson,37,841 Bullock Summit,New Steven,New Hampshire,35745,114.300945,58.5068745
Frank Thompson,48,01884 Griffin Dam Suite 320,South Michelle,South Dakota,61732,78.173153,-48.120908
Steven Martin,37,0006 Rebekah Crest,East Sarahside,Louisiana,81866,-107.073969,-29.3356255
Patricia Grant,33,146 Crystal Fields,East Nicholasport,Nevada,31929,-163.082917,43.1480575
Evan Sims,45,351 Turner Estate,Ayalachester,Ohio,48850,-101.558184,26.485126
Steven Smith,29,350 Jeffrey Highway,East Stephaniemouth,Wyoming,61278,11.961776,-8.961620
Carla Soto,77,80485 Heather Trail,Daltonside,Washington,81259,44.884259,35.917807
Misty Gonzalez,54,87933 Mann Stream,Lambertfurt,North Dakota,49988,143.654850,19.019954
Pamela Johnson,48,0917 Lynch Circle Suite 924,Beckermouth,Virginia,25924,-32.469302,-40.9698255
Jennifer Villarreal,41,34259 Young Grove,West Reginaldland,Massachusetts,69297,11.359201,-59.305888
Christopher Allen,32,171 Benjamin Road Apt. 483,Fernandezton,Georgia,82815,127.989989,54.8818945
Julie Mcgee,71,8640 Adams Divide Apt. 095,Josephtown,Kansas,38919,55.216447,1.7657975
Kimberly Jackson,76,62897 Fernandez Orchard,Rogersborough,Iowa,43911,-88.502301,51.058576
Alexandra Sherman,71,880 Steven Trace Apt. 862,North Tiffanyport,Hawaii,43787,87.566545,-72.9355075
Cassidy Walker,49,6840 Melissa Square,Samuelstad,Illinois,42099,-56.250649,-75.8848245
Benjamin Richards,80,9995 Ramirez Ways,North Christina,Florida,30240,95.218227,74.524144
Joel Morris,59,773 Amy Trail,Smithstad,Washington,59257,109.008690,-54.4371935
Brittany Wagner,61,587 Taylor Street,South Pamela,Missouri,69836,-28.890412,-51.0344005
Lisa Henson,63,919 Bell Glen Suite 943,Veronicafurt,Iowa,14148,-11.831040,-71.6149805
Charles Jones,58,477 Juarez Pike Suite 642,Kellyberg,New Hampshire,49109,103.754820,72.1891065
Sydney Avila,27,90041 Ryan Landing,New Donaldmouth,Maine,38144,-171.823007,88.0493115
Jason Oconnell,53,6134 John Trail,East John,Minnesota,40381,162.499140,-74.806334
William Berry,72,59072 Joshua Springs,Lake Jennifer,Arkansas,34921,161.650916,-9.4429745
Stephanie Key,68,015 James Cliffs Suite 477,Ericksonfort,Delaware,10316,128.079468,-78.377401
Karen Moreno,76,9539 Maria Valleys Suite 457,Port Michael,Missouri,47350,-94.976832,37.3583905
Stephanie Mcneil,63,220 Derrick Center Apt. 197,Port Lisachester,Louisiana,67265,-7.347815,43.579541
Ronald Gallegos,22,1148 Alexander Courts Suite 561,Garrisonport,Idaho,33646,77.077536,42.7527165
James Clayton,54,274 Jessica River,Wilsonshire,Louisiana,98095,-84.689542,-63.8537405
Terry Ochoa,71,7122 Young Walks Suite 338,Port Nathaniel,Indiana,80277,173.088194,-42.9560585
Jesus Robinson,73,578 Clay Gardens,West Caleb,Delaware,50530,-1.238095,-46.350562
Donald Rubio,65,027 Sandy Walks,West Carrie,Massachusetts,06716,112.046135,21.290588
Kelly Keith,71,25600 Brittany Loaf,Stevenhaven,Ohio,15305,50.963038,55.0180505
Noah Rosario,30,530 Johnson Road Apt. 452,East Darin,Colorado,64186,176.145368,56.835743
Edward Kerr,33,0895 Johnson Overpass Suite 994,West Kenneth,Maryland,69597,136.236034,15.566756
Scott Arnold,70,74585 Hill Circles Suite 592,Powellmouth,Delaware,04556,115.721813,10.579338
Alexis Meza,72,5980 Paul Mall,Port Elizabeth,Massachusetts,92978,-44.308893,-79.675052
Kristin Edwards,63,827 Alexander Motorway Apt. 550,South Mark,Pennsylvania,41257,-147.561127,-86.556551
Robert Lyons,51,982 Rachel Terrace Apt. 690,Paulmouth,North Dakota,10510,64.663139,-68.5485465
Timothy Hill,72,608 Nguyen Forest Apt. 260,Smithside,Oregon,71169,-136.586082,-10.0409845
Austin Cunningham,57,5329 Patrick Well Suite 189,Saraberg,Washington,36176,107.935850,-86.117093
Corey Harrington,22,45940 Katherine Route,Ortizmouth,Connecticut,07959,-177.029157,31.558907
Joshua Vasquez,39,730 Samantha Prairie Suite 450,Lake Jeffreyburgh,Idaho,58029,21.935146,-25.3705015
Darryl Allison,58,8602 Clark Grove Suite 894,Joneschester,Washington,16658,-54.274557,-54.071565
Emily Leach,26,223 James Field,Port Chelsealand,Massachusetts,21361,173.882048,67.1377915
John Riley,36,826 Christopher Shores Suite 294,South Robin,Ohio,82771,-80.452337,63.4638745
Theresa Ross,66,202 Donna Drives Suite 273,North Pamelaborough,Minnesota,91691,-165.105096,-72.070414
Jose Wallace,61,932 Kenneth Vista Apt. 686,Lake Kaylaborough,Florida,16732,114.106704,-20.268557
Philip Christian,65,951 Flores Unions,Heathermouth,Massachusetts,91770,-86.039432,37.3241505
John Cruz,44,98286 Hayden Road,North Rachel,Colorado,75529,36.925042,8.3195055
Cheryl Jones,23,7647 Burgess Wall Apt. 275,North Nathan,New York,81704,136.936098,-33.5026985
Mrs. Nicole Olson,64,09104 Wang Wall,New Timfurt,North Dakota,77853,-129.897696,-6.212423
Donald Frazier,44,4286 Davis Trail,New Jimmyfort,Oklahoma,87792,-116.461543,-3.4608785
Sandra Phillips,18,75278 Melissa Dale,Port Donald,Pennsylvania,64516,-84.058975,20.004029
Ashley Jones,65,2665 Smith Courts,Melanieborough,South Carolina,85929,111.982131,-76.0235805
James Nicholson,73,09891 Heidi Shore,Branchville,Utah,89672,170.878100,30.0956405
Theresa Santos,45,9677 Bush Trafficway Suite 583,Lindaton,Idaho,57683,-109.626386,-54.5665405
Wanda Taylor,78,486 Gabriel Skyway Apt. 820,Sylviamouth,Wisconsin,80921,-31.189832,45.2058235
Joshua Diaz,78,1006 Montgomery Springs Apt. 216,Melissaview,Kansas,22569,132.739542,83.4985085
Sarah Butler,72,6248 Shane Mission Suite 152,Deanview,Alaska,71830,-67.987897,-48.6341125
Thomas Harrison,22,85265 Lawrence Burgs,North Robertport,Montana,54218,141.406520,86.2379275
Victor Simpson,24,113 Hull Place Suite 282,Susantown,Alabama,81905,24.968851,79.034496
Carl Duncan,61,158 Julia Forges Suite 239,Christopherstad,New Hampshire,21198,-28.557154,9.1380985
Todd Castro,46,25761 Harrison Knoll Suite 640,Colinfurt,Arizona,32735,-176.212264,68.4724155
Angela Rodriguez,39,57579 Hansen Landing,Nancyside,Missouri,34891,140.715848,-5.194028
William Hanson,72,35690 Stephen Parkway Suite 232,Dannyburgh,Louisiana,09066,120.948649,-42.811859
Kristen Esparza,70,84229 Johnson Key Apt. 816,Howardberg,Oklahoma,48483,-41.049791,-41.111703
Monica Franklin,35,1944 Ariel Fall,Danielport,Georgia,08830,121.677774,-32.3411255
Robin Schneider,24,6366 Miller Dam Suite 511,Matthewfort,Massachusetts,48078,-77.791278,-24.935946
Shannon Phillips,35,353 Albert Center,Port Debra,Maine,33129,103.532496,81.2961765
Kristen Hahn,67,041 Shannon Drives Suite 407,Allenmouth,Mississippi,88951,-17.191372,50.0076215
Erica Friedman,74,74341 Miller Fort,Amychester,Florida,03687,91.533684,-15.6067185
Theodore Jackson,54,6051 Mann Trace Suite 550,South Brian,Utah,43059,-89.738008,-9.0512615
Monique Dennis,23,9282 Tran Pines,Tamarashire,Louisiana,36187,117.125553,48.573913
Nancy Dominguez,36,155 John Track,North Joseph,North Dakota,73704,41.688387,-88.821729
Richard Russo,51,821 Gary Walks Suite 223,Lisaport,Michigan,42213,-85.867740,0.940305
Jonathan Baldwin MD,52,46511 Kathryn Field Suite 398,Lake Rodneyfort,Rhode Island,51134,-38.926392,35.9354235
Elizabeth Mckay,55,86148 Humphrey Track,Jacquelineborough,Arizona,86862,-125.881530,58.6645935
Cassidy Bolton,35,9411 Brenda Squares Apt. 406,Danielview,Florida,97307,-0.635102,-16.367725
Jessica Flores,36,806 Andrew Underpass Suite 005,New Williefurt,Connecticut,19646,-13.551506,-53.513198
Cheryl Miller,39,8235 Perez Meadow Suite 420,Traciberg,California,30438,-62.468469,-58.9165475
Gina Mason,78,0830 Michael Course,South Thomas,Maryland,67918,1.770595,-13.7566445
John Roberts,37,23287 Joel Mission,Clarkville,Rhode Island,94224,46.126312,2.867746
Jason Fuller,58,34155 Jessica Forest,Robertsfurt,Tennessee,76491,20.573100,60.7222015
Megan Alvarado,25,9667 Bright Locks Apt. 525,New Gina,Hawaii,72119,39.664642,5.981622
Ashley Payne,60,05506 Leonard Bridge Suite 235,West David,New Jersey,94316,148.713886,15.7031365
Christopher Williams,56,62284 Robert Harbors Apt. 501,Maryberg,Wisconsin,39326,-5.035141,-25.4805625
Daniel Patterson,47,995 Chad Court Suite 728,Larashire,Alaska,06760,125.982791,-46.6666315
Brian Wilson,24,206 Emily Plaza,Andersonton,California,70800,153.195293,-29.097528
Jerry Underwood,66,3567 Brian Plains,Millerview,Indiana,92959,-22.989413,8.132694
Mary Nguyen,75,566 Christina Isle,Moralesside,Massachusetts,47776,81.069174,5.332866
Sarah Olsen,53,6752 Bates Port,Geraldtown,Maine,44815,-103.412949,0.188360
Whitney Little,34,0518 Peterson Hill Suite 982,Mitchellton,Oregon,44349,-154.317551,88.040528
Jose Taylor,35,9401 Desiree Lane,West Roseberg,Pennsylvania,01526,-103.306676,64.903251
Melissa Edwards DDS,70,087 Tina Green Suite 287,North Colleen,Alabama,93431,0.019436,-55.814128
Christopher Johnson,61,5661 Rachael Villages,Rosalesmouth,Vermont,67868,-61.716537,-42.6149125
Chad Stein,36,8884 Klein Isle,Stacyport,New Hampshire,75532,28.394446,-15.1581495
Teresa Burns,41,52557 Shawn Harbor,Lake Christopherstad,Texas,65648,139.696522,-75.9156895
Joy Olson,27,04143 Best Ranch,Joymouth,New Jersey,33895,5.044698,61.8128645
Audrey Stephens,20,7832 Harris Place,East Antonio,Wisconsin,21908,-155.263016,34.012303
Richard Craig,19,55821 Leslie Hill,Whitetown,Wyoming,25185,60.344698,-75.804343
Sarah Thompson,37,250 Glenn Park,Richardland,Maine,92341,148.996675,-8.1203325
Penny Chambers,74,45702 Buck Wells,Lopezberg,Washington,30113,-29.790704,-33.864732
Keith Thompson,48,227 Wagner Turnpike,New Linda,Georgia,24827,-33.785173,74.688905
Rebecca Friedman,43,448 West Viaduct Suite 994,East Apriltown,New York,95150,43.454404,-33.6357075
Jennifer Miranda,20,8263 James Circle,Stantonberg,Washington,07077,-179.469980,-47.665964
Amber Munoz,33,39291 Donald Road Apt. 975,West Brett,Maine,68390,-177.700997,-36.718570
Anthony Lewis,73,8803 Wright Wells,South Theresa,California,85401,29.229100,69.697686
Mary Wright,22,244 Christopher Shoal,Lake Allen,Illinois,06417,-105.140175,48.4430285
Tamara Swanson,76,99730 Fleming Meadows,Whiteside,Maine,98411,36.423757,77.8450515
Allison Vasquez,53,16692 Hendricks Mount,Ethanbury,Tennessee,24094,-112.583805,-10.823674
Ms. Margaret Larsen,49,07429 Sanders Cove,Lake Michaelton,Florida,78086,-22.369887,12.984903
Mathew Conrad,79,637 Gerald Burgs Apt. 259,New Bradleychester,Georgia,60044,142.390723,-82.765818
Michelle Nguyen,23,70985 Julia Walks,Marshhaven,Arkansas,62980,71.149860,66.8357315
Lauren Miller,30,229 Williams Fords,Ginaside,Mississippi,52182,-78.417516,-15.492381
Frank Valenzuela,52,14296 Daniel Valleys,South Samantha,New Jersey,45187,149.788887,34.873797
Todd Ochoa,25,434 Julie Greens,Tashaport,Texas,97313,-17.005393,18.6435995
Ryan Young,78,728 Carlos Mountains Suite 093,Knightberg,Hawaii,05306,168.864256,-39.5988095
Heather Smith,68,2070 Michael Loaf Apt. 869,Prestontown,Connecticut,60560,-102.991276,-2.855249
Eric Duran,18,34434 Andrea Village Suite 972,East Todd,Michigan,86272,-112.125572,24.1700865
Laura Gates,72,28306 Kim Orchard,East Rachel,North Carolina,15251,145.010517,65.8789275
Nicole Miles,67,1330 Samantha Tunnel,Harrellport,Missouri,77609,-114.608583,79.983596
John Reynolds,19,9651 Mary Mountains,Murphyberg,Kansas,88589,-133.995374,88.519994
Donald Lopez,53,5972 Edwards Viaduct Apt. 465,Marksland,South Carolina,44083,100.515521,79.923569
Virginia Hamilton,46,5199 Lori Junctions Suite 723,North Donaldshire,Arkansas,77475,-68.750866,61.8594585
Joseph Brady,80,790 Shannon Station,South Robert,Minnesota,12414,-127.612565,32.183937
Donna White,77,3107 John Port,New Stephanieshire,Kansas,72311,-60.838318,48.7839505
Tiffany Gilbert,66,200 Bruce Fork Apt. 683,South Rebecca,Washington,76712,90.122452,85.6894315
Karen Lopez,28,0757 Allen Circle Suite 163,Murrayland,Michigan,25376,21.048260,30.188902
Emily Russell,38,3118 Sarah Underpass Apt. 388,Tonistad,North Dakota,93321,138.677524,-34.1352505
Paula Mitchell,34,0802 Hudson Mountains Apt. 664,North Robertview,Delaware,05481,-37.961492,2.875133
Zachary Salazar,74,432 Winters Common,Carlton,Oklahoma,34960,69.190860,50.260318
Kristin Wheeler DDS,43,161 Gonzalez Shoal Suite 298,New William,North Dakota,88857,156.671174,59.9622305
Phyllis Parker,78,3352 Katherine Estate Apt. 339,Port Garrett,California,40217,30.936640,-17.6310555
April Ortiz,46,8018 Anthony Inlet Apt. 903,Garciaton,Tennessee,42966,-160.409904,71.6623925
Evan Grant,26,559 Johnson Rest Suite 830,Elizabethchester,Michigan,19892,-36.337465,-75.5449005
Meghan Harmon,19,546 Sherry Mission,Danielleborough,Rhode Island,21505,-163.121940,-60.388178
Jacob Hays,59,7794 Brown Island,Port Melanie,Vermont,18637,179.863677,-3.173354
Sabrina Pope,24,698 Tina Isle Apt. 231,Wilsonmouth,North Carolina,10695,125.387399,70.0466115
Mark Miranda,31,6450 Lisa Road Apt. 176,West Danielfurt,Illinois,17025,158.890790,75.5615085
Michael Camacho,36,3093 Watts Ways,Lake Anthonyfurt,Tennessee,70521,90.706721,-41.999354
Justin Baker,35,242 Andrew Mall Apt. 138,Pamelaborough,Connecticut,78095,-80.476572,26.348129
Joel Maxwell,27,1685 Wilson Route Suite 659,Davisville,Alabama,83082,-68.344977,25.1120615
Gregory Hall,30,814 Ashley Forges,Amandastad,Arkansas,87675,-168.947316,-51.287469
Karen Keller,31,261 Ortega Stream,New Taylor,Texas,79542,88.464654,14.493348
Sean Howard,31,49860 Pitts Causeway Suite 240,Josephborough,Colorado,27970,73.536196,-76.113339
Misty Wells,52,60976 Angela Ridges Apt. 919,Lake Christopherton,Montana,27568,66.859975,13.392129
Brandon Wells,48,550 Sandra Manors Apt. 414,Lake Coltonstad,Michigan,19939,-42.980170,28.8188075
Joyce Hatfield,62,101 Mark Tunnel,Kellyville,Indiana,06599,84.885159,28.5741875
John Briggs,26,76416 Gay Rue,Toddtown,Tennessee,47418,20.931943,57.353042
Joe Higgins,36,52003 Nguyen Branch Apt. 514,New Dana,Tennessee,28440,146.501011,-58.0620655
Crystal Anderson,52,4154 Theodore Crossroad Apt. 657,Michelletown,North Dakota,00527,-37.987954,71.7959145
Beverly Mcintyre,53,391 Cardenas Ways Apt. 960,West Joemouth,Kentucky,15345,132.109299,85.102343
Linda Cummings,61,4949 Lowe Stream Suite 530,Douglastown,Florida,15377,35.065437,82.8614165
Hayden Hunt,79,88034 Yates Key Apt. 204,West Jessica,Kentucky,62693,56.728536,20.400343
Michael Hudson,79,8202 David Estate Apt. 945,Stephanieburgh,Rhode Island,87044,-172.851886,5.5018675
Matthew Scott,37,235 Stephens View,North Natashaport,California,25189,173.828896,-70.740957
Taylor Cooper,80,929 Bruce Pines,Matthewmouth,Alabama,43940,-11.435924,62.339998
Barbara Summers,36,1656 Catherine Brooks Suite 539,Ashleyborough,Kansas,91952,142.148746,-45.067068
Robert Reed,34,6648 Murray Course,East Victoria,Michigan,06374,28.473786,55.849595
Brittany Thomas,78,8682 Kelly Turnpike,New Jamesland,Maine,94657,-14.134979,43.654094
Heidi Garcia,42,202 Brown Canyon,Howelltown,Arkansas,69364,-142.407866,26.230295
Cindy Wilson,50,345 James Terrace,South Johnland,Oregon,89174,115.825762,-41.528698
Rachel Nicholson,49,607 Pearson Road,Maryborough,Wisconsin,21796,0.457273,-74.265112
Jamie Moore,25,6390 Garrett Cape Suite 395,West Adam,Ohio,96621,-79.185892,-23.730614
John Good,20,5177 Brown Mills Suite 004,Lake Dawnshire,Oklahoma,17902,-100.372213,28.305238
Ashley Coffey,41,649 Kenneth Brooks,Johnsonmouth,Oklahoma,75808,-6.930422,12.8772475
Debra Wu,52,1836 Kirby Summit,Sotostad,Minnesota,50147,-21.377522,-22.0079485
Penny Wright,55,6591 Miller Mission,East Katiemouth,Missouri,02019,-3.580252,38.6608275
Taylor Mata,28,09187 Jones Forge,Mcneilstad,Maryland,41848,0.818529,15.1975985
Kathleen Harris,44,201 Hodge View,Morrishaven,Virginia,34840,67.646529,78.708421
Nicole Collins,33,106 Francisco Lodge,Port Nicholas,Texas,91156,-78.470433,-28.5289615
Amy Turner,65,17966 Dale Plaza Apt. 822,East James,South Carolina,05840,-36.773179,68.5792585
Corey Rice,28,0201 Williams Camp,Hopkinsview,South Dakota,66605,-64.120696,75.6893655
Stacy Burns,31,805 Jessica Circle Suite 732,East Matthew,Florida,08579,-156.034624,-68.843157
Jason Ball MD,54,27670 Todd Grove Apt. 137,West Thomas,Ohio,24049,-87.982643,50.6293795
Steven Stein,58,544 Zachary Square Apt. 887,West Kelly,Oregon,75284,-168.414189,-41.834992
Derek Haynes,54,166 Brent Well Suite 822,North Lindsay,Minnesota,08819,10.924760,59.200483
John Torres,60,45667 Lydia Mission Suite 253,Meganview,West Virginia,63898,104.049131,46.597314
Meagan Solis,49,3495 Paul Lakes,North Evelyn,Georgia,13855,-33.729762,73.669190
Kyle Edwards,60,21460 Kathleen Lane,East Erica,Wisconsin,62440,-34.370852,-11.285721
James Jones,43,9361 Charles Estates,North Michael,Minnesota,11640,64.513710,65.789973
Joseph Mckenzie,20,334 Solomon Highway Apt. 009,New Rachelberg,California,96778,66.795055,-84.8453205
Elizabeth Scott,33,46128 Gary Glen,East Evanstad,Oregon,37448,-96.311463,89.5533695
Jimmy Deleon,51,718 Anthony Crossing,Jonesview,Arizona,93339,-140.709909,-31.502872
Travis Butler,47,233 Martin Fall,Mccoyborough,Maine,84153,-131.668936,29.513616
Randall Mercer,42,63834 Hannah Mountains Apt. 724,New Josephview,Georgia,67129,59.417047,49.358083
Terri Morales,67,04778 Ward Crescent Apt. 353,Christophershire,New Hampshire,78473,7.905235,56.4086175
Courtney Henry,73,629 Donald Lodge,New Maria,Wisconsin,51843,-132.969338,78.302990
Ryan Martinez,79,574 Wheeler Drives,Lake Michaelmouth,Indiana,35574,-164.936904,29.7892245
Leroy Lutz,72,1450 Miller Port Apt. 151,Allisonstad,Montana,84261,-70.226024,-26.2942365
Kathryn Wong,31,5933 Taylor Plaza Suite 439,Michaelburgh,Vermont,13336,140.800528,48.548494
Ashley Gill,35,06424 Abbott Camp,West Jillianburgh,West Virginia,00775,-173.651433,5.5073575
Nicole Torres,44,8327 Roth Ranch,South Christine,Nevada,62483,93.936537,-60.5238455
Tyler Perkins,72,0472 Collins Course Apt. 816,Kirbyton,Arkansas,44777,138.779366,13.339758
Terry Newman,42,975 Richardson Court Suite 838,Brandonshire,New Hampshire,51236,-28.971210,36.8593315
Carl Fuentes,27,7321 Javier Landing,Andersonbury,Kentucky,52477,92.461222,54.094746
Kathy Williams,48,587 Jared Row,Thomasburgh,South Dakota,25129,29.951725,-80.5054695
Michael Waters,18,20349 Simpson Burgs Apt. 827,Lake Hannah,Vermont,60736,-128.480577,-20.9950175
Felicia Johnson,74,60074 Waller Crossroad,Mathisshire,Minnesota,93861,-35.396959,-23.2025915
Rachel Hogan,29,843 White Valleys Suite 718,East Anna,New Hampshire,57019,-0.850982,-79.742898
Christopher Beasley,44,982 Schmitt Bridge,Goodwinton,New Mexico,33355,-89.179019,-29.4373475
Anthony Lopez,79,6036 Fleming Unions Apt. 491,Brianfurt,Wyoming,06918,-137.124287,-76.5045855
Scott Walker,65,762 Kimberly Forest,Lake Leslie,Delaware,84412,139.301285,-85.9179905
Kathleen Jackson,18,0872 Denise View,Port Ginafort,Washington,39882,-74.720727,-19.336539
Samantha Harrington,26,0186 Mary Haven Suite 730,Mariahview,Oregon,16590,-77.249282,66.807124
Hannah Nolan,41,610 Megan Light,New Daniel,Maine,39658,-14.035583,-5.8954315
Kristen Peters,79,778 Morales Inlet,Jonesland,Oregon,70345,154.536674,12.6820055
Wendy Smith,66,522 Moore Flats,New Mariafurt,Wisconsin,37114,148.639223,60.9727695
Misty Perez,66,99375 John Lodge Suite 077,Colemanton,Minnesota,76904,-123.455227,-53.7663645
Gary Bell,58,8380 Emily Ranch,North Matthewtown,Oregon,78308,-166.995915,34.9925715
William Marshall,80,74375 Rogers Groves,East Jonathan,Indiana,40870,22.556183,13.886868
Albert Webb,40,96004 Ferguson Estates,Josephberg,Mississippi,24433,-109.203177,55.171400
Marcus Mccoy,68,3206 Wise Trail,New Tammy,Alaska,63971,-119.389780,11.941083
Michele Bauer,48,8744 Manning Creek Suite 600,West Breanna,Rhode Island,44063,-161.376547,87.170420
Cole Becker,70,457 Stone Island,Nelsonton,Wyoming,05227,79.545584,-9.244497
Rebecca Dillon,25,794 Miller Brook,New Kaylaport,Texas,38925,-108.979321,-67.0451815
Sean Thomas,69,782 Monica Trace,West April,Wyoming,88851,-30.897664,-56.1942885
Dale Mack,60,790 Colon Walks,Port Jessicaside,Oregon,67264,15.888047,1.7581355
Tiffany Romero,67,224 Alexander Dam,West Heather,South Dakota,85542,60.359010,-57.0132005
Shawn Washington,55,88884 Ellen Parkways,Leetown,Mississippi,01376,90.385156,-52.737564
Timothy Rhodes,29,784 Elizabeth Crest,Monicamouth,Montana,84577,-144.981255,86.3418455
Angela Morales,48,43377 Hill Parks,Rhondachester,Louisiana,50394,38.926717,12.1420815
Holly Hancock,18,926 Ford Manors,Lake Marybury,Missouri,32132,28.502837,37.368178
Miss Jordan Cortez,55,17940 Lauren Lights Apt. 560,East Tasha,New Jersey,71433,-42.578617,-32.0951795
Patrick Miles,67,4089 Park Fields,East Dianeburgh,Washington,30033,13.624470,-7.180689
Brenda Edwards,73,27102 Stephen Crest Apt. 459,Kleinfurt,Alaska,69639,-174.832372,-1.4481805
Jeffrey Bird,64,71705 Keller Square,North Christopherside,Rhode Island,80712,68.545439,52.263010
Jaime Webb,70,046 Dickson Ridge,Port Virginiabury,South Dakota,67134,57.413477,-52.5654855
Robert Woods,76,5660 Young Ferry,South Francesfurt,Wyoming,04838,-92.985329,-26.5030185
Nathan Lozano,20,120 Daniel Points,Richardberg,Rhode Island,53996,87.148657,-7.306308
Shane Taylor,56,9168 Jones Trace Suite 347,North Kirk,Arizona,77428,-97.134785,-52.349193
Michelle Benson,60,01821 Casey Overpass Suite 883,South Rebecca,Vermont,87503,38.648406,-81.881497
Patricia Lopez,25,0714 Bolton Loaf Apt. 611,Melissaside,Minnesota,15800,66.334464,77.097821
James Obrien,20,455 Caitlin Fall,South Anita,Connecticut,07314,162.908070,66.417515
Vincent Jones,52,1099 Maria Tunnel Suite 682,Lake Kennethport,Nevada,31959,-37.628414,-6.1218205
Mark Bush,61,9938 Vaughn Circles,Lake Jacksonshire,Utah,67068,128.441834,18.811065
Evan Stewart,45,947 Mata Hollow Suite 632,East Melanie,Vermont,72989,-178.368566,55.436985
Patrick Bowers,31,949 Lester Wall,Lake Jacobburgh,Virginia,59445,107.022288,52.696550
Bethany Schwartz,29,811 Cameron Ridge Suite 922,New Jasonburgh,Mississippi,50505,83.419758,8.940224
Shane King,45,20094 Wells Curve,East Megan,Florida,88788,68.413614,56.0347375
Timothy Sampson,55,71056 Amanda Route,Teresamouth,Connecticut,64603,39.312482,-78.6047725
Clifford Mitchell,73,14131 Garcia Plains,Port Lauraton,Arizona,48688,-176.921077,-21.987655
Joshua Jenkins,30,897 Anna Row,Colleenside,North Carolina,59210,87.076760,-88.811403
John Hurley,69,0353 Katherine Mount,Lake Barbarashire,Wyoming,35425,115.866928,41.225562
Brenda Garcia,38,4161 Kelly Terrace,West Jenniferport,Florida,70996,-94.665012,19.429340
Rhonda Stanley,47,590 York Road Apt. 036,West Julia,Missouri,20451,117.654933,3.373726
Craig Wilson,73,031 Christine Forge,Williamview,Delaware,94573,-146.106230,64.587180
Paul Smith,60,34788 Wells Plains,Warrenshire,Oklahoma,34464,136.699001,-37.9450945
Marilyn Mullins,38,585 Thomas Lodge Apt. 987,Dakotamouth,Kentucky,28648,-119.076662,-85.5296265
William Lewis,18,048 Christina Bypass,Jonesbury,Minnesota,92378,6.638611,-36.5726955
Jessica Johnson,26,9677 Paige Divide,Carsonburgh,Oregon,36762,147.007770,-58.656941
Angela Shaffer,21,723 Rhodes River,Dylantown,Oregon,82423,-123.677393,-39.891948
Vicki Burton,23,236 Gail Lane Apt. 362,Jasonside,Idaho,03903,17.583609,55.427863
Sarah Jones,43,85838 Jason Village,Isaacville,Rhode Island,02828,-130.692647,-81.474188
Kristin Hudson,24,42546 Hester Parkways Apt. 820,North Javier,Wisconsin,37632,-102.373972,-8.702452
David Wright,77,4836 Lopez Dam Apt. 463,Port Julie,Montana,62619,11.198884,-61.437976
Linda Cooper,48,185 Miller Greens Apt. 329,Danielfort,North Dakota,53314,141.829916,3.141989
Paul Duarte,80,949 Paul Plain,Port Stephaniemouth,North Dakota,61337,-78.581581,62.7230195
Tamara Robinson,58,71738 Sheila Ferry,New Gilbert,Kansas,46374,9.330098,33.2279265
Robert Brown,70,92298 Amber Meadow,Stephanieport,Arizona,29498,-25.835129,-89.820222
Jeffrey Holland,28,81986 Madeline Plaza,New Michael,South Carolina,81201,-70.908805,30.265444
Melissa Jackson,71,00305 Mcguire Unions Apt. 828,West Jerrystad,Nevada,12104,-44.625175,-83.2734285
Danielle Morris,39,61182 Jones Dam Apt. 022,Josephton,Michigan,04389,-15.425562,-62.665874
David Hill,44,9560 Monique Haven,Harrisville,Arizona,02465,7.971403,88.5450185
Eric Smith,66,235 Brown Rapids Suite 308,Weissfurt,Delaware,10965,38.852997,70.8867135
Kristin Strong,56,03777 Taylor Landing Suite 659,Port Briantown,Louisiana,31660,-12.513259,51.1882375
Debra Estes,77,65490 Boone Lodge Apt. 881,South Michellefort,Michigan,03643,-23.224442,-60.927068
Melanie Villanueva,35,7695 Thomas Inlet Suite 204,New Stacy,Delaware,74161,93.723070,-82.2751515
Nicholas Hayes,24,24341 Lopez Tunnel,Christopherburgh,Colorado,61822,106.171090,58.5357295
Reginald Camacho,72,70553 Michael Trail Suite 567,Adamsbury,Oklahoma,94280,-38.434078,21.645771
Joy Davis,74,613 Garner Groves Suite 945,Lake Robertville,Minnesota,24895,-151.218882,-85.341532
Shawn Moyer,66,2622 Oconnell Parkways,Coffeystad,Kansas,13914,159.087233,-35.610211
Lindsay Velasquez,18,36336 Johnson Harbors Suite 005,North Ginaburgh,South Dakota,93239,-117.948481,21.313880
Amanda Perez,50,44855 Davis Grove Suite 030,Leechester,Kentucky,25769,-168.690086,44.888928
Joseph Simmons MD,27,13818 Kimberly Prairie,South Jasonfort,Massachusetts,26575,-27.915114,-67.864555
Vanessa Luna,66,13651 Joshua Parkways,North Ricky,Virginia,26330,62.948564,-86.328449
Stacey Ross,31,51115 Carter Mountain Suite 346,Courtneyburgh,Arkansas,83981,173.269819,31.1788845
Steven Oneal,41,1033 Nelson Curve Apt. 878,Lake Robertville,Montana,87738,-88.376841,28.179350
Ann Jones,63,297 Holden Course Apt. 602,West Alexandra,Nevada,93028,52.605998,-79.504381
Stanley Jackson,75,4609 Rose Expressway Apt. 505,Lake Ericmouth,Alaska,97832,103.033323,27.0628735
Betty Cook,46,154 Krista Greens Apt. 850,East Leetown,New Mexico,31686,60.681711,15.3682615
Sarah George,67,9886 Hansen Ville,Port Donald,Massachusetts,58508,-141.453731,-12.582926
Michael Avila,63,710 Anthony Field,Markmouth,Hawaii,34369,121.306551,25.414781
Lindsay Pierce,69,528 Joshua Point,Port Richard,New York,69125,-43.192690,6.7205315
Ronald Wilson,49,387 Paul Burg,Lake Ashleychester,Washington,61888,-125.594792,-7.7641355
Jeffrey Montgomery,35,4746 Rivera Causeway,Marymouth,Indiana,75444,12.278559,-17.551700
Latoya Olson,44,00796 Jack Pine Apt. 935,East Stephen,Oklahoma,24585,-1.241291,-56.2376905
Tyler Palmer DDS,36,50228 Williams Fields Apt. 948,South Davidchester,Pennsylvania,92826,-129.587272,-28.789802
Michelle Martinez,52,955 Manning Spurs,Jenkinsland,Connecticut,79289,163.891304,21.8223225
Christina Ward,41,7391 Roger Wall,East Daltonview,Alaska,70134,-87.099634,-56.504608
Carol Price,71,111 Alicia Alley Apt. 203,Beckyberg,Texas,84408,84.890130,84.250515
Deborah Berry,62,8421 Leah Tunnel Apt. 424,South Sheri,Illinois,01439,-71.432793,-16.2496345
Jordan Barry,40,51556 Angela Cliff Apt. 793,West Samuelhaven,Colorado,74747,-56.779769,-16.991984
Nathaniel Davis,38,399 Franco Spring,Richmondfurt,Wyoming,86157,175.676175,-79.156132
Gloria Williams,19,0254 Robbins Isle,Lake Tammiestad,Delaware,89172,-104.070921,-18.807708
Katherine Molina,77,384 Hicks Forges,North Judithville,Illinois,82122,-76.203574,-87.0825805
Ronald Mccormick,32,573 Jeremy Roads Suite 165,Colinchester,Arizona,36370,167.848306,-70.7809175
Jeffrey Henry,74,4363 Thomas Mills Suite 008,East Michael,West Virginia,66654,121.818455,-24.3096065
Matthew Perez,71,2651 Ramsey Place Suite 230,Sharonport,New Hampshire,55561,128.475991,-69.465786
Stephanie Duke,43,2448 Keith Parkways,West Edward,New Jersey,05774,120.942587,52.574249
Katherine Watson,47,9597 Joe Parkway Apt. 660,Knightland,Pennsylvania,86497,-162.009160,4.568559
Leslie Cooke,55,66466 Henry Isle,Ryanchester,Arkansas,37141,107.738566,89.740762
Nicholas Murillo,23,5460 Ford Summit,North Nicoleburgh,Oklahoma,62829,71.514953,-64.962244
Robert Huffman,48,63050 Clarence Curve Suite 637,South Jacobville,New Jersey,55145,31.977273,-11.126682
Larry Evans,46,5622 Cochran Isle,Woodsmouth,Hawaii,92876,7.883599,2.3814555
Diana Schaefer,64,811 Williams Mills Apt. 111,Barbarahaven,South Carolina,22437,92.645406,-9.9299095
Lauren Stewart,32,232 John Squares,West Amber,Massachusetts,38302,-78.612018,-39.217657
Michael Alvarez,60,765 Kelly Viaduct,Catherinechester,Missouri,14644,-155.486470,2.5241535
Lawrence Gillespie,77,740 Javier Isle,Turnerchester,New York,90913,113.884303,60.0949135
Eric Price,44,919 Rogers Ford,Jonathantown,Oklahoma,48266,55.534966,37.612908
Daniel Villa,62,33760 Thomas Wells Suite 553,Cheyennemouth,Alabama,93455,160.042325,-82.9871125
Randall Vasquez DDS,55,278 Beasley Junction,Coleburgh,Wyoming,39729,15.146028,-75.214495
Dominique Johnson,27,0593 Anthony Rapid,Scotttown,Georgia,13927,30.464839,-67.070188
Henry Chan,27,9508 Daniel Coves Suite 199,North Joshua,Massachusetts,96041,-143.275613,38.9812455
Stephanie Carpenter,50,419 Kyle Forge,North Robertville,West Virginia,68098,5.356724,47.2532475
Michelle Carney,28,6933 Victoria Street Suite 478,Robinsontown,Florida,08177,-83.657711,-4.082570
Aaron Gilbert,36,6653 Mckinney Ramp Apt. 134,Charlestown,Hawaii,79784,77.248423,41.960676
Alexis Mitchell,39,400 Michael Gateway Apt. 557,Ryanborough,Arizona,37064,-140.043299,69.1354395
Ashley Wells,20,751 Travis Landing Apt. 170,South Jonathan,North Dakota,21783,51.517107,-64.9156355
Marcia Butler,50,1922 Jason Divide,Jamesstad,Kansas,77524,82.068910,18.3199915
Aaron Lambert,31,775 Myers Stream,New Cherylton,Louisiana,51748,84.774971,-46.5648885
Patrick Cannon,57,09074 Dennis Springs Suite 463,Reidshire,Utah,30421,-17.351046,-79.247329
Matthew Smith,30,29675 Mendoza Mountains,Stephaniemouth,Louisiana,65316,83.835461,-71.227271
Brian Miller,80,65912 Jackson Creek Apt. 143,West Christineport,Ohio,91722,135.374249,44.983260
Ryan Smith,32,8854 Reese Bypass,Ashleyland,Arkansas,97655,25.483360,72.0563615
Bethany Wilson,36,80592 David Bypass,East Michaelfurt,Oklahoma,13142,91.550173,-9.8088225
Devin Martinez,67,43528 Franklin Land Suite 213,Yoderberg,Kentucky,89686,170.883506,63.919668
James Solomon,19,2208 Karen Spring Suite 579,Danielleborough,Delaware,23411,-112.670863,47.8686855
Leah Malone,46,7172 Stacey Row,New Chadville,New York,49959,-40.092928,-52.032603
Cynthia Diaz,59,241 Tanner Tunnel,North Kathleen,North Carolina,80839,-177.434377,-68.3166035
Amanda Reyes,42,24876 Thomas Skyway Apt. 294,Shannonport,Florida,90042,90.004149,-48.816679
Cynthia Gonzalez,42,158 Knox Club,Christopherburgh,Georgia,09708,-121.216370,-58.4379545
Hector Santiago,46,0041 Jonathan Coves Apt. 441,North Charlesfurt,Vermont,78110,-47.856212,-48.929993
Samantha Hernandez,54,55042 Thompson Ford Apt. 837,North Crystalton,New Mexico,90497,117.515554,73.9071575
Juan Curtis,29,16050 Bruce Wall Apt. 114,South Amandabury,Kansas,12618,34.255184,-69.9716745
Melissa Larson,27,91906 Green Walk,Rodriguezshire,Vermont,85691,117.447590,-56.0885575
Donna Jimenez,35,25327 Christopher Mountain Apt. 572,Port Amanda,Iowa,97341,26.560479,27.8449955
Caitlin Thompson,44,1313 Parsons Parkways Suite 548,Johnsonbury,Georgia,51312,-6.327466,15.9400185
Ricky Black,55,20068 Cochran Spring Apt. 227,Millershire,South Dakota,75162,97.182692,-74.7070595
Peter Weber,36,4221 Lopez Land Suite 943,Wilsonbury,South Carolina,46453,-55.737387,-61.5601535
Eric Moore,63,1730 Kevin Port,Tannerchester,Michigan,78035,-116.675652,25.326161
Miranda Johnson,19,91565 Kelly Ford Suite 282,New Matthewhaven,Connecticut,37884,-119.122576,25.7470385
Katherine Fischer,68,58550 Porter Loaf,Lukemouth,Utah,27312,-102.664962,66.856008
Cory Brooks,37,1049 Jermaine Cove,Francomouth,Mississippi,93493,143.601238,-12.4688915
Robert Graham,31,21526 Dawn Squares Suite 017,Nicolebury,South Dakota,46071,27.302636,44.958631
Erin Lloyd,75,124 Gaines Lock,New Jason,Oklahoma,35955,-52.683035,7.202717
Brian Mejia,52,694 Rebecca Squares Suite 941,New Eric,Maine,30660,162.711343,-86.758056
Emily Haynes,23,8994 Howell Ports,Port Brandichester,Mississippi,62665,74.897311,49.8013395
Matthew Baldwin,43,862 Edwards Courts,Melissaside,Rhode Island,23897,56.055981,74.111932
Crystal Phillips,54,429 Alex Mall,West Ronaldfort,Minnesota,50550,14.933933,61.0006195
Jennifer Ponce,28,44818 Anthony Brooks Apt. 663,North Sydney,California,65956,-137.585582,41.086179
Sean Romero,75,0381 Bell Route,East Bobby,Nebraska,23178,78.299790,-9.068193
Michael Brown,66,9263 Sonya Lane Suite 922,Katietown,Rhode Island,10246,-3.131727,-13.633841
Tara Jordan,67,241 Tracy Parks,Lauraborough,Massachusetts,74175,-13.472661,-10.489391
Elizabeth Merritt,39,50792 Waters Creek,West Ericborough,New York,07587,112.340047,-88.630545
Sarah James,33,44734 Clark Course,Wilsonshire,West Virginia,02065,-21.400320,-83.2875025
Kelsey Lee,23,846 Huff Estate,Osbornbury,Arkansas,79585,148.342975,83.1290905
Bradley Davis,56,81092 Miguel Centers Apt. 156,Martinport,Michigan,72123,49.477967,33.8635505
Richard Burton MD,19,48520 Collins Terrace Apt. 445,New Angelville,Arkansas,61863,-164.929818,-23.689014
Lisa Patterson,36,2213 Kimberly Locks,Simpsonstad,Kentucky,94248,-134.719620,50.541789
Joseph Park,19,1853 Joshua Meadows Suite 209,Gravestown,Wisconsin,84245,19.549947,15.738238
Amy Cooke,30,7582 Bailey River Apt. 921,Ryanfort,New Mexico,20020,37.033207,78.002702
Robert Pitts,31,161 Davis Locks,North Heather,Oregon,73329,109.195928,62.6718345
Robert Sweeney,65,930 Jackson Branch Apt. 625,Lake William,Indiana,05391,-122.836684,20.191591
Angelica Macdonald,50,15393 Guzman River Suite 268,Yutown,New Mexico,35934,-20.572817,53.2083665
Samantha Adams,48,479 Yates Inlet Apt. 025,Jenniferton,Virginia,63698,-35.073959,74.4209275
Jenny Sanchez,18,3279 Hughes Passage Apt. 067,Lake Kennethfort,Ohio,21820,-172.486101,-38.011064
Rebecca Scott,77,45010 Sherry Alley Apt. 722,Lake Michael,Iowa,86429,137.831674,81.6861515
William Manning,80,6571 Hobbs Mountain,North Danielport,Texas,08260,-86.933438,45.4566995
Karen Jordan,24,315 Katherine Corners Apt. 985,Richardmouth,North Dakota,22200,144.942599,-29.6540925
Dr. April Green,77,649 Tamara Course,Lake Timothymouth,Alabama,44500,162.172603,82.2833785
Jason Martin,29,321 Rogers Center,Kennethport,Nebraska,22325,119.642733,-46.426481
Raymond Moss,53,2898 Carpenter Island Apt. 620,Rachelstad,Oklahoma,54292,-178.357855,-25.131482
Monica Mckinney,48,78376 Smith Plaza Suite 891,South Ericville,Mississippi,23615,121.792490,-12.4919205
Andrew Hamilton,63,4092 Pamela Island,East Shawn,Colorado,63265,71.410027,75.5346465
Vincent Kane,40,832 Perkins Bypass Apt. 483,Leehaven,Georgia,72735,155.265834,63.669871
Ruben Graham,36,40565 Michelle Crossroad Apt. 684,West Amber,Hawaii,34306,-148.215312,-82.900640
Todd Farley,73,96637 Matthew Alley,Aprilside,West Virginia,38088,67.263571,-69.5915745
Sheila Turner,54,019 Brandon Centers Suite 285,Jeffreyborough,Wisconsin,42499,161.687639,5.180932
Beth Hicks MD,51,394 Bauer Mews Apt. 087,Kimburgh,Pennsylvania,54561,-163.766220,-77.7634995
Norman Dickson MD,26,66400 Jessica Trail,Lake Phillip,Michigan,36273,151.874568,-45.0068195
Alexander Wade,25,7028 Hampton Mews,Espinozafort,Nevada,80763,-17.659299,-65.0765705
Anthony Carrillo,20,3392 Hicks Drive,Williamsland,Utah,19169,119.622249,-62.0761815
Sara Walton,77,5269 Brown Extensions,Port Patricia,California,75746,155.736253,-63.922928
Kylie Stafford,76,91340 Keller Flats,Joshuachester,West Virginia,37671,-71.640556,-41.020957
Michael Hale,53,82601 Simon Flat,South Johnberg,Washington,49176,-165.895235,-70.959387
Preston Ramirez,79,838 Curtis Tunnel Suite 363,Port Richardmouth,Illinois,54128,15.910822,9.508862
Sarah Clark,70,139 Blair Square,New Leslieburgh,Iowa,65026,56.231868,-72.5129945
Nicole Castro,73,5052 Lynn Roads,Elliottmouth,North Carolina,43677,-134.090157,65.658739
Elizabeth Williams,61,65858 Mitchell Prairie,North Gregoryville,Illinois,26029,162.243597,-20.683715
Zachary Nelson,74,69018 Young Mill,Port Natalieton,South Dakota,24495,-127.590090,-21.842799
Cassidy Williams,24,97778 Kelley Landing Apt. 149,Lake Lisaborough,North Carolina,92685,3.366707,7.6195575
Jennifer Flowers,46,4185 Howard Spring,West Jessicatown,Washington,94188,-2.003511,45.6986265
Ashley Barr,69,91709 Woodard Falls,South Cynthiaborough,North Carolina,20019,-158.424375,47.7168525
Ryan Edwards,47,404 Jones Light Apt. 973,Robinsonton,West Virginia,06063,65.369127,23.836780
Eric Freeman,55,961 Massey Common Apt. 282,Richbury,Wisconsin,60579,-72.205174,-75.514343
Clinton Bailey,36,7533 Isaiah Summit,Matthewmouth,Louisiana,78216,-103.688795,60.284950
Scott Wilkins Jr.,21,09857 Gillespie Oval,Brendaland,Alaska,75858,173.853639,83.846788
Frank Mitchell,37,968 Mays Ranch,Johnsonfurt,Kentucky,44103,49.503261,78.763524
Matthew Evans,51,013 John Hill,Hudsonhaven,Tennessee,83571,120.863584,12.1748595
Robert Roach,73,467 Hernandez Point,West Danielhaven,Mississippi,80787,-138.553528,84.8642695
Nicholas Stevens,27,39218 Thomas Inlet,Vazquezhaven,South Dakota,70431,38.999050,75.5287615
Mr. Jerry Herrera,43,638 Miller Track,Port Adam,New Jersey,21149,58.056404,-28.966275
Mrs. Nicole Campbell,54,69822 Glover Bridge,West Rachel,Kansas,51584,145.550005,-16.5352925
Ricky Gross,36,094 Sloan Locks Suite 810,Port Sydneyborough,Delaware,89722,123.318164,-16.617305
Kayla Joseph,78,64923 Cunningham Harbor,Anthonychester,Iowa,40004,62.875683,63.395843
Mary Lee,66,29475 Fuentes Loaf Apt. 495,Morseburgh,Louisiana,33567,-26.684574,86.072909
Marissa Noble,24,12574 Adams Fields Suite 737,West Karenland,Pennsylvania,48112,44.710809,41.934004
Dwayne Palmer,19,467 Davis Walk Apt. 014,North Jonathan,Hawaii,99659,-111.777602,73.2058355
Richard Williamson,58,1740 Jones Shores Apt. 645,East Kaitlyn,Michigan,72516,-154.390392,-44.4505315
Daniel Randall,66,95080 Stevenson Manor Apt. 542,Lake Elizabeth,New Jersey,13306,-69.316556,61.3372375
Miss Erika Freeman,38,698 Strong Parkways Apt. 472,Lake Kevin,Massachusetts,12692,159.631055,23.2202805
Maria Williams,37,505 Megan Shore Suite 851,Pughmouth,Wisconsin,59649,123.728360,-70.020692
Stephen Ryan,48,0468 Erin Dale,North Danielle,Nevada,93167,-114.270419,-13.6852485
Deborah Ortiz,62,6346 Marisa Viaduct Suite 574,Lake Ginamouth,North Dakota,46383,-120.425833,76.867363
Mary Wilson,64,12076 Jackson Plaza Apt. 325,Port Davidbury,Mississippi,99777,164.459007,-50.6143515
Angela Bryant,46,7774 Freeman Trafficway Apt. 515,Lake Adrian,New York,26703,57.036994,74.4204245
Tyler Rodriguez,47,2227 Kim Throughway Suite 249,South William,Vermont,28809,-77.145924,-21.166979
Adrian Mitchell,19,449 Richard Tunnel,South Elizabethview,Mississippi,92933,-173.313611,58.384385
Leah Johnson,44,7096 Christopher Forks Suite 583,Gilbertview,South Carolina,87273,53.849929,75.7811665
Christina Hall,69,5378 Jennifer Lodge Suite 156,West Paulatown,Pennsylvania,88131,-108.651097,-2.945836
Kimberly Bentley,35,214 Wood Mission Suite 790,Olsontown,South Carolina,61458,161.298926,-72.8451615
Jackson Hayden,62,3860 White Ramp,New Michael,Minnesota,53442,-63.050106,-34.664138
Duane Logan,19,02740 Craig Gardens,East Nicole,Idaho,13236,-41.133834,64.5036415
William Reynolds,58,764 Anthony Glens Suite 441,Collierborough,Montana,01800,150.004450,48.061335
Sarah Stevens,22,26905 Gonzalez Grove,Mcintyremouth,Wyoming,30961,69.103436,39.080186
Gina Chavez,40,21639 Gibson Garden Apt. 139,Alicialand,Kentucky,39709,116.323857,-33.4983545
Amanda Smith,42,668 Latoya Locks Apt. 990,Clarkfort,Connecticut,40914,-15.338609,61.2130945
Vincent Jordan DDS,49,0562 Annette Port Suite 169,New Dawnborough,Florida,39893,-88.278022,2.786135
Megan Cox,53,00764 Pamela Stravenue,Howeburgh,Mississippi,45962,-51.289107,72.9338435
Deborah Hutchinson,67,849 Jenna Ports Apt. 307,South Jeremyside,New Hampshire,23798,-165.793612,35.486433
Zachary Taylor,80,07606 Erik Mews,Markstad,Kentucky,51733,-177.677349,-40.878253
Julie Carlson,55,15354 Casey Hill Suite 193,New Joshuaborough,North Dakota,32781,-116.883354,-60.7078005
Gerald Davis,60,429 Cabrera Parkways,Aguirreview,Colorado,18753,108.322876,-86.580356
Yolanda Wright,71,93984 Patrick Run,East Eric,Hawaii,22931,-137.821545,-70.882228
Marissa Galloway,42,305 Gilbert Ville Apt. 102,Alanbury,West Virginia,52038,-81.854926,-18.8120735
Timothy Nelson,27,99700 Padilla Place Suite 656,Hawkinstown,Pennsylvania,93229,-39.248653,-55.9380215
Hannah Mendez,74,18684 Cole Extension,East Hollyshire,Ohio,17271,-168.404543,47.101432
Joshua Ibarra,65,933 Love Plain,South Jessicatown,New Mexico,23307,73.266243,48.8248935
Austin Morrison,69,2895 Bradley Forest,Port Janet,Nevada,84823,127.641538,-35.1745285
Adam Smith,56,191 Schultz Turnpike,New Tiffany,Vermont,48015,19.811454,87.4505225
Tara Casey,20,52657 Cindy Crossroad,South Vanessafurt,Florida,22434,-144.550590,-72.501903
Robert Cannon,67,7136 Vasquez Mountains Suite 302,Paulville,Nebraska,45659,144.874680,-47.6228065
Audrey Russell,34,344 Caldwell Manors Apt. 399,Karenmouth,Connecticut,04754,141.645525,-22.0746915
Todd Russell,50,9517 Smith Mission,Janetshire,Delaware,80348,14.514719,-3.7273805
Paul Cardenas,41,97396 Graham Overpass,Danielside,Wisconsin,87956,-29.016635,-35.745670
Joseph Perez,67,934 Boyd Summit,East Jenniferville,Oklahoma,88526,-51.678842,63.8739415
Lisa Daniel,41,686 Hansen Roads,Jackieview,Indiana,37316,103.489936,79.8029855
Courtney Gonzalez,50,32736 Desiree Mill,Morabury,Colorado,49407,141.226534,-34.842669
Ebony Morris,43,1216 King Port,West Sarah,Utah,08033,-103.835106,-16.171758
Richard Collins,31,81728 Wong Estate Suite 153,Paulmouth,North Carolina,28621,-62.944871,-50.4622195
Gary Wilson,43,8203 David Forks,East Kristiestad,New Mexico,54838,6.340445,30.5106755
Alexandria Knight,21,928 Rachael Locks Suite 503,Johnstad,Louisiana,12867,93.565580,-25.271182
Heather Wells,71,076 Jensen Springs Apt. 169,Port Nancy,Illinois,61446,-139.735382,14.916947
Kimberly Walton,49,0408 Kimberly Terrace,Medinashire,New Jersey,46439,86.590222,-80.2536615
Adam Smith,24,1805 Roberta Plain,Thomasview,California,35311,-46.677967,-57.325217
Pamela Stanley,47,158 Ross Shoals Apt. 996,New Evelyn,Hawaii,04008,21.181212,-72.0946535
Kevin Yang,69,98190 Jennifer Stravenue,North Ralph,Colorado,11722,0.410402,-56.046497
Catherine Romero,67,491 Smith Fort Suite 012,East Henryberg,Minnesota,37131,175.139248,43.164726
Andrew Daugherty,38,59402 Lucas Drive,Cunninghamville,Ohio,46534,106.685359,47.7645855
Harold Duncan,43,86870 Hicks Keys Apt. 186,Lake Paulfurt,Idaho,42781,120.869848,22.4692365
Mary Wilson,26,10390 Miller Well Apt. 119,Lake Sandyville,Nevada,82336,-66.356436,42.028441
William Aguirre,18,1217 Hall Ridge,West Matthew,Indiana,78985,-59.750290,-25.034685
Dawn Ibarra,63,898 James Flat Apt. 374,Andrewsburgh,Wisconsin,32085,96.083318,-55.4839085
Christina Peterson,23,6340 Ruth Island Suite 445,South Lisa,Connecticut,18383,74.723783,62.7443935
David Norris,45,245 Edwin Station,New Shawn,Rhode Island,05924,17.760702,-37.771732
Jermaine Powell,43,2199 Blake Manor Suite 378,Port Jessica,Maryland,67396,-163.684523,-26.581597
Trevor Tran,28,1044 Suzanne Squares Suite 753,Melissamouth,South Carolina,81723,42.622088,78.6965075
Jennifer Buckley,27,4284 Corey Curve,Marcusview,South Dakota,44705,132.238917,72.3345855
Ricardo Sherman,24,698 Lori Roads Apt. 007,Masontown,Idaho,40278,-81.415880,-51.7149795
Charles Acevedo,50,18120 Melissa Union Suite 359,Katieland,Michigan,59068,174.687001,-57.9613515
Mia Reynolds,72,805 Williams Hills Apt. 579,Jonesport,Idaho,34888,69.479179,27.7215975
Jeremy English,56,17505 Kristopher Squares,Carmenville,Nevada,84679,177.548917,-40.7704045
Thomas Wright,74,388 Madison Fords,Brianton,Florida,47559,-56.479968,4.351469
Angela Burke,65,36738 Harris Streets Apt. 840,Jonathantown,Kansas,93782,-53.382147,17.8257735
Robert Ramirez,51,48332 Ashley Pines Suite 110,Rebeccaview,Arizona,73104,124.062583,81.997191
Bradley Anderson,42,3359 Johnson Parkways Apt. 344,East Brittany,Alabama,29846,-54.213142,-46.575257
Michael Paul,68,7709 Angela Turnpike Suite 305,East Suzanne,Mississippi,14251,177.977951,-84.519755
Ann Huang,22,073 Sarah Curve,North Lauren,Idaho,08636,22.597683,-36.6405435
